ID(非必填),縣市(必填),鄉鎮(必填),村里(可不填),鄰(可不填),地址(必填)
36,臺北市,士林區,,,士商路189號
37,臺北市,士林區,,,士商路189號
38,臺北市,士林區,,,士商路189號
39,臺北市,士林區,,,士商路189號
40,臺北市,士林區,,,士商路189號
41,臺北市,士林區,,,士商路189號
42,臺中市,北區,,,館前路1號
43,,,,,
44,屏東縣,車城鄉,,,後灣村後灣路2號
45,臺北市,中正區,,,徐州路46號
46,臺北市,中正區,,,徐州路46號
47,臺北市,士林區,,,士商路189號
48,臺中市,404,,,53 臺中市北區館前路一號
49,,,,,
50,臺北市,中正區,,,中正區羅斯福路二段
51,基隆市,仁愛區,,,港西街四號
52,基隆市,仁愛區,,,港西街四號
1,臺北市,中山南,,,路21-1號，愛國東路側
2,臺北市,中正區,,,南昌路一段一號
3,臺北市,松山區,,,市民大道5段99號4樓
4,臺北市,大安區,,,新生南路一段161巷35-1號2樓
5,臺北市,中正區,,,青島西路7號7樓
6,臺北市,松山區,,,南京東路五段250巷36弄8號1樓
7,宜蘭縣,頭城鎮,,,青雲路三段750號
8,宜蘭縣,頭城鎮,,,青雲路三段750號
9,宜蘭縣,頭城鎮,,,青雲路三段750號
10,宜蘭縣,頭城鎮,,,青雲路三段750號
11,基隆市,中正區,,,北寧路367號
12,基隆市,中正區,,,北寧路367號
13,基隆市,中正區,,,北寧路367號
14,基隆市,中正區,,,北寧路367號
15,基隆市,中正區,,,北寧路367號
16,基隆市,中正區,,,北寧路367號
17,臺北市,士林區,,,士商路189號
18,臺北市,士林區,,,士商路189號
19,臺北市,士林區,,,士商路189號
20,臺北市,士林區,,,士商路189號
21,臺北市,士林區,,,士商路189號
22,臺北市,士林區,,,士商路189號
23,臺北市,士林區,,,士商路189號
24,臺北市,士林區,,,士商路189號
25,臺北市,士林區,,,士商路189號
26,臺北市,士林區,,,士商路189號
27,臺北市,士林區,,,士商路189號
28,臺北市,士林區,,,士商路189號
29,臺北市,士林區,,,士商路189號
30,臺北市,士林區,,,士商路189號
31,臺北市,士林區,,,士商路189號
32,臺北市,士林區,,,士商路189號
33,臺北市,士林區,,,士商路189號
34,臺北市,士林區,,,士商路189號
35,臺北市,士林區,,,士商路189號
71,臺北市,松山區,,,南京東路五段250巷36弄8號1樓
72,國立歷,史博物,,,館
73,臺北市,中正區,,,襄陽路25號 (臺博館斜對面)
74,臺南市,安南區,,,安中路四段290巷325弄65號
75,高雄市,苓雅區,,,五福一路67號
76,,,,,
77,臺中市,南區,,,興路三段362號
78,基隆市,仁愛區,,,港西街四號
79,臺中市,霧峰區,,,中正路738-1號
80,臺南市,東區,,,中華東路3段332號
81,,,,,
82,臺南市,中西區,,,中華西路二段34號
83,臺北市,信義區,,,West Dr. Sun Yat-sen’s History Exhibition Room(1F)
84,台北市,文山區,,,景文街32號
85,高雄市,路竹區,,,24鄰國昌路86巷9號
86,高雄市,路竹區,,,24鄰國昌路86巷9號
87,台北市,八德路,,,三段25號
88,臺中市,南區,,,興路三段362號
89,屏東縣,車城鄉,,,後灣村後灣路2號
90,苗栗縣,銅鑼鄉,,,銅科南路6號
91,苗栗縣,竹南鎮,,,公園路206號
92,高雄市,鼓山區,,,4鄰鼓山三路19-3號
93,臺北市,松山區,,,八德路三段25號(臺北市藝文推廣處)
94,臺北市,松山區,,,八德路三段25號(臺北市藝文推廣處)
95,臺北市,松山區,,,八德路三段25號(臺北市藝文推廣處)
96,臺北市,松山區,,,八德路三段25號(臺北市藝文推廣處)
97,臺北市,松山區,,,八德路三段25號(臺北市藝文推廣處)
98,臺北市,松山區,,,八德路三段25號(臺北市藝文推廣處)
99,臺北市,松山區,,,八德路三段25號(臺北市藝文推廣處)
100,臺北市,松山區,,,八德路三段25號(臺北市藝文推廣處)
101,臺北市,松山區,,,八德路三段25號(臺北市藝文推廣處)
53,臺中市,nul,,,l中山路二段435號
54,屏東縣,車城鄉,,,後灣村後灣路2號
55,臺北市,士林區,,,士商路189號
56,臺北市,中正區,,,齊東街53巷11號
57,臺東縣,臺東市,,,南京路25號
58,臺北市,中正區,,,齊東街53巷11號
59,臺中市,北區,,,館前路1號
60,宜蘭縣,五結鄉,,,五濱路二段201號
61,高雄市,鳳山區,,,三多一路1號
62,基隆市,仁愛區,,,港西街四號
63,基隆市,仁愛區,,,港西街四號
64,臺南市,西門路,,,一段６８９巷５９號
65,臺北市,松山健,,,康公宅、文山興隆公宅、萬華青年公宅
66,桃園市,新屋區,,,中興路91巷11號
67,桃園市,新屋區,,,中興路91巷11號
68,基隆市,中正區,,,信一路181號
69,,,,,
70,屏東縣,車城鄉,,,後灣村後灣路2號
125,臺北市,松山區,,,八德路三段25號(臺北市藝文推廣處)
126,臺北市,松山區,,,八德路三段25號(臺北市藝文推廣處)
127,臺北市,松山區,,,八德路三段25號(臺北市藝文推廣處)
128,臺北市,松山區,,,八德路三段25號(臺北市藝文推廣處)
129,臺北市,松山區,,,八德路三段25號(臺北市藝文推廣處)
130,臺北市,松山區,,,八德路三段25號(臺北市藝文推廣處)
131,臺北市,松山區,,,八德路三段25號(臺北市藝文推廣處)
132,臺北市,松山區,,,八德路三段25號(臺北市藝文推廣處)
133,臺北市,松山區,,,八德路三段25號(臺北市藝文推廣處)
134,臺北市,松山區,,,八德路三段25號(臺北市藝文推廣處)
135,臺北市,松山區,,,八德路三段25號(臺北市藝文推廣處)
136,臺北市,松山區,,,八德路三段25號(臺北市藝文推廣處)
137,臺北市,松山區,,,八德路三段25號(臺北市藝文推廣處)
138,臺北市,松山區,,,八德路三段25號(臺北市藝文推廣處)
139,臺北市,松山區,,,八德路三段25號(臺北市藝文推廣處)
140,臺北市,松山區,,,八德路三段25號(臺北市藝文推廣處)
141,臺北市,松山區,,,八德路三段25號(臺北市藝文推廣處)
142,臺北市,松山區,,,八德路三段25號(臺北市藝文推廣處)
102,臺北市,松山區,,,八德路三段25號(臺北市藝文推廣處)
103,臺北市,松山區,,,八德路三段25號(臺北市藝文推廣處)
104,臺北市,松山區,,,八德路三段25號(臺北市藝文推廣處)
105,臺北市,松山區,,,八德路三段25號(臺北市藝文推廣處)
106,臺北市,松山區,,,八德路三段25號(臺北市藝文推廣處)
107,臺北市,松山區,,,八德路三段25號(臺北市藝文推廣處)
108,臺北市,松山區,,,八德路三段25號(臺北市藝文推廣處)
109,臺北市,松山區,,,八德路三段25號(臺北市藝文推廣處)
110,臺北市,松山區,,,八德路三段25號(臺北市藝文推廣處)
111,臺北市,松山區,,,八德路三段25號(臺北市藝文推廣處)
112,臺北市,松山區,,,八德路三段25號(臺北市藝文推廣處)
113,臺北市,松山區,,,八德路三段25號(臺北市藝文推廣處)
114,臺北市,松山區,,,八德路三段25號(臺北市藝文推廣處)
115,臺北市,松山區,,,八德路三段25號(臺北市藝文推廣處)
116,臺北市,松山區,,,八德路三段25號(臺北市藝文推廣處)
117,臺北市,松山區,,,八德路三段25號(臺北市藝文推廣處)
118,臺北市,松山區,,,八德路三段25號(臺北市藝文推廣處)
119,臺北市,松山區,,,八德路三段25號(臺北市藝文推廣處)
120,臺北市,松山區,,,八德路三段25號(臺北市藝文推廣處)
121,臺北市,松山區,,,八德路三段25號(臺北市藝文推廣處)
122,臺北市,松山區,,,八德路三段25號(臺北市藝文推廣處)
123,臺北市,松山區,,,八德路三段25號(臺北市藝文推廣處)
124,臺北市,松山區,,,八德路三段25號(臺北市藝文推廣處)
174,高雄市,楠梓區,,,17鄰藍昌路72號
175,高雄市,楠梓區,,,17鄰藍昌路72號
176,高雄市,鼓山區,,,4鄰鼓山三路19-3號
177,高雄市,鼓山區,,,4鄰鼓山三路19-3號
178,高雄市,鼓山區,,,4鄰鼓山三路19-3號
179,高雄市,鼓山區,,,4鄰鼓山三路19-3號
180,臺北市,中山南,,,路21-1號
181,高雄市,前鎮區,,,新光路61號
182,南投縣,南投市,,,光明一路252號
183,南投縣,南投市,,,光明一路252號
184,高雄市,楠梓區,,,17鄰藍昌路72號
185,高雄市,楠梓區,,,17鄰藍昌路72號
186,高雄市,楠梓區,,,17鄰藍昌路72號
187,高雄市,楠梓區,,,17鄰藍昌路72號
188,高雄市,燕巢區,,,2鄰中民路592號
189,高雄市,鹽埕區,,,1鄰大仁路179號5樓、6樓
190,屏東市,民生路,,,4-17號
191,高雄市,前鎮區,,,8鄰新衙路17號
192,高雄市,左營區,,,2鄰啟文路12號
193,高雄市,鼓山區,,,馬卡道路330號
194,高雄市,鼓山區,,,馬卡道路330號
195,高雄市,楠梓區,,,17鄰藍昌路72號
196,高雄市,楠梓區,,,17鄰藍昌路72號
197,高雄市,鳥松區,,,18鄰大仁北路10號
198,高雄市,鹽埕區,,,1鄰大仁路179號5樓、6樓
199,高雄市,鹽埕區,,,1鄰大仁路179號5樓、6樓
200,高雄市,左營區,,,2鄰啟文路12號
201,高雄市,左營區,,,2鄰啟文路12號
202,高雄市,鹽埕區,,,019鄰中正四路272號
203,臺南市,東區,,,大學路1號
204,台南市,安南區,,,海中街300號
205,臺中市,北區,,,館前路1號
206,臺北市,中山南,,,路21-1號
207,臺中市,霧峰區,,,中正路738之2號
208,臺中市,霧峰區,,,中正路738之2號
209,臺中市,霧峰區,,,中正路738之2號
210,臺中市,西區,,,公益路68號
211,臺北市,松山區,,,復興北路231巷19號4樓
212,臺北市,大同區,,,萬全街103巷19號
213,臺北市,大同區,,,萬全街103巷19號
214,臺北市,大同區,,,萬全街103巷19號(蝶會會館)
143,臺北市,松山區,,,八德路三段25號(臺北市藝文推廣處)
144,臺北市,松山區,,,八德路三段25號(臺北市藝文推廣處)
145,臺北市,松山區,,,八德路三段25號(臺北市藝文推廣處)
146,臺北市,松山區,,,八德路三段25號(臺北市藝文推廣處)
147,臺北市,松山區,,,八德路三段25號(臺北市藝文推廣處)
148,臺北市,松山區,,,八德路三段25號(臺北市藝文推廣處)
149,臺北市,松山區,,,八德路三段25號(臺北市藝文推廣處)
150,臺北市,松山區,,,八德路三段25號(臺北市藝文推廣處)
151,臺北市,松山區,,,八德路三段25號(臺北市藝文推廣處)
152,臺北市,松山區,,,八德路三段25號(臺北市藝文推廣處)
153,臺北市,松山區,,,八德路三段25號(臺北市藝文推廣處)
154,臺北市,松山區,,,八德路三段25號(臺北市藝文推廣處)
155,臺北市,松山區,,,八德路三段25號(臺北市藝文推廣處)
156,臺北市,松山區,,,八德路三段25號(臺北市藝文推廣處)
157,臺北市,松山區,,,八德路三段25號(臺北市藝文推廣處)
158,臺北市,松山區,,,八德路三段25號(臺北市藝文推廣處)
159,臺北市,松山區,,,八德路三段25號(臺北市藝文推廣處)
160,臺北市,松山區,,,八德路三段25號(臺北市藝文推廣處)
161,臺北市,松山區,,,八德路三段25號(臺北市藝文推廣處)
162,臺北市,松山區,,,八德路三段25號(臺北市藝文推廣處)
163,高雄市,鹽埕區,,,1鄰大仁路179號5樓、6樓
164,高雄市,鹽埕區,,,1鄰大仁路179號5樓、6樓
165,高雄市,鹽埕區,,,1鄰大仁路179號5樓、6樓
166,臺南市,玉井區,,,樹糖街22號
167,南投縣,草屯鎮,,,中正路573號
168,南投縣,草屯鎮,,,中正路573號
169,南投縣,草屯鎮,,,中正路573號
170,高雄市,楠梓區,,,17鄰藍昌路72號
171,高雄市,鹽埕區,,,1鄰大仁路179號5樓、6樓
172,高雄市,鹽埕區,,,河西路99號
173,高雄市,鼓山區,,,4鄰鼓山三路19-3號
241,苗栗縣,銅鑼鄉,,,銅科南路6號
242,苗栗縣,銅鑼鄉,,,銅科南路6號
243,南投縣,竹山鎮,,,集山路二段345號
244,南投縣,竹山鎮,,,集山路二段345號
245,南投縣,竹山鎮,,,集山路二段345號
246,南投縣,竹山鎮,,,集山路二段345號
247,臺北市,南京東,,,路二段一號三樓
248,高雄市,鹽埕區,,,河西路99號
249,高雄市,鳳山區,,,017鄰光遠路161號
250,高雄市,鳳山區,,,017鄰光遠路161號
251,高雄市,三民區,,,陽明路300號3樓
252,南投縣,魚池鄉,,,中山路
253,南投縣,信義鄉,,,
254,彰化縣,鹿港鎮,,,復興路485號
255,彰化縣,花壇鄉,,,
256,彰化縣,芳苑鄉,,,漁港路1號
257,彰化縣,鹿港鎮,,,鹿工南四路30號
258,彰化縣,鹿港鎮,,,鹿工路15號
259,彰化縣,鹿港鎮,,,民權路160巷2號
260,彰化縣,鹿港鎮,,,鹿工路六號  (彰濱工業區鹿港區)
261,彰化縣,彰化市,,,卦山路4號
262,彰化縣,彰化市,,,中山路2段500號
215,臺北市,中山區,,,劍南蝴蝶步道（9：00捷運劍南路站1號出口集合）
216,臺北市,松山區,,,八德路三段25號(臺北市藝文推廣處)
217,臺北市,松山區,,,八德路三段25號(臺北市藝文推廣處)
218,高雄市,鹽埕區,,,019鄰中正四路272號
219,高雄市,鹽埕區,,,019鄰中正四路272號
220,高雄市,鹽埕區,,,019鄰中正四路272號
221,高雄市,鹽埕區,,,019鄰中正四路272號
222,高雄市,左營區,,,龜山巷157-2號
223,新北市,鶯歌區,,,二甲路36-2號
224,花蓮市,文復路,,,6號
225,臺北市,中正區,,,濟南路二段27號
226,宜蘭縣,礁溪鄉,,,
227,宜蘭縣,宜蘭市,,,1鄰光復路13號
228,高雄市,鼓山區,,,鼓山一路32號
229,高雄市,左營區,,,蓮潭路400號
230,高雄市,左營區,,,
231,高雄市,旗津區,,,旗津二路701號
232,高雄市,岡山區,,,009鄰岡山南路42號
233,高雄市,湖內區,,,3鄰保生路101號
234,宜蘭縣,宜蘭市,,,中山路二段426號
235,臺北市,松山區,,,八德路三段25號(臺北市藝文推廣處)
236,宜蘭縣,蘇澳鎮,,,23鄰中山路一段366號
237,,,,,
238,民雄鄉,建國路,,,2段265號
239,竹北市,縣政九,,,路146號.
240,宜蘭縣,五結鄉,,,24鄰五濱路二段201號
291,澎湖縣,馬公市,,,29號
292,澎湖縣,馬公市,,,中華路230號
293,澎湖縣,馬公市,,,新生路327號
294,高雄市,大樹區,,,17鄰中興西路50號
295,南投縣,名間鄉,,,彰南路42-2號三樓
296,南投縣,南投市,,,中正路2號
297,苗栗縣,三義鄉,,,廣聲新城88號
298,苗栗縣,三義鄉,,,廣聲新城88號
299,宜蘭縣,五結鄉,,,24鄰五濱路二段201號
300,宜蘭縣,五結鄉,,,24鄰五濱路二段201號
301,新北市,新莊區,,,中平路133號
302,臺中市,南區,,,興路三段362號
303,台北市,中山北,,,路4段16號
304,基隆市,中山區,,,西定路230號3樓
305,基隆市,中正區,,,
306,基隆市,中正區,,,信一路181號
307,澎湖縣,馬公市,,,中華路230號
308,澎湖縣,馬公市,,,中華路230號
309,臺北市,中正區,,,貴陽街1段243號
310,臺北市,中正區,,,貴陽街1段243號
311,臺北市,中正區,,,貴陽街1段243號
312,臺北市,中正區,,,貴陽街1段243號
313,臺北市,中正區,,,重慶南路一段122號
314,新北市,新店區,,,
315,新北市,中和區,,,
316,新北市,淡水區,,,
317,新北市,林口區,,,
318,新北市,三重區,,,
319,新北市,汐止區,,,
320,新北市,三峽區,,,
321,新北市,新莊區,,,
322,新北市,瑞芳區,,,
323,新北市,板橋區,,,中山路一段143號
324,新北市,板橋區,,,中山路一段143號
325,臺中市,北區,,,天祥街19號
326,臺中市,北區,,,天祥街19號
263,彰化縣,彰化市,,,中山路2段500號
264,彰化縣,彰化市,,,中山路2段500號
265,彰化縣,彰化市,,,中山路2段500號
266,彰化縣,彰化市,,,平和七街66號
267,彰化縣,彰化市,,,中山路三段266-1號
268,彰化縣,鹿港鎮,,,館前街88號
269,彰化縣,彰化市,,,陳稜路126號
270,高雄市,岡山區,,,公園路2-1號
271,彰化縣,彰化市,,,中正路1段242號4樓
272,彰化縣,彰化市,,,中華路57號
273,彰化縣,田中鎮,,,
274,彰化縣,埤頭鄉,,,彰水路二段526號
275,彰化縣,員林市,,,
276,彰化縣,溪湖鎮,,,
277,彰化縣,彰化市,,,民族一街31號
278,彰化縣,彰化市,,,南校街135號
279,彰化縣,彰化市,,,南校街135號
280,彰化縣,福興鄉,,,復興路28號
281,彰化縣,溪湖鎮,,,彰水路二段762號
282,彰化縣,溪湖鎮,,,彰水路二段762號
283,臺中市,西屯區,,,福星路666號
284,臺中市,西屯區,,,福星路666號
285,臺中市,西屯區,,,福星路666號
286,臺中市,西屯區,,,臺中市西屯區福玄路1號
287,臺中市,西屯區,,,臺中市西屯區福玄路1號
288,臺中市,西屯區,,,臺中市西屯區福玄路1號
289,新北市,新店區,,,北新路一段92號
290,澎湖縣,馬公市,,,介壽路13號
362,澎湖縣,馬公市,,,臨海路40號
363,澎湖縣,馬公市,,,中華路230號
364,新北市,淡水區,,,中正路259 號
365,新北市,淡水區,,,中正路316、316-1號
366,新北市,淡水區,,,中正路28巷1號
367,新北市,淡水區,,,中正路28巷1號
368,澎湖縣,馬公市,,,41-2號
369,基隆市,中正區,,,
370,南投縣,竹山鎮,,,大勇路 26 號
371,南投縣,竹山鎮,,,大勇路 26 號
372,南投縣,竹山鎮,,,大勇路 26 號
373,南投縣,竹山鎮,,,大勇路 26 號
374,南投縣,竹山鎮,,,大勇路 26 號
375,高雄市,林園區,,,林園北路236號
376,臺南市,白河區,,,
377,南投縣,南投市,,,彰南路二段65號
378,臺南市,中西區,,,開山路152號
379,高雄市,鳳山區,,,017鄰光遠路161號
380,臺北市,信義區,,,仁愛路4段505號
381,臺北市,中正區,,,襄陽路2號 ( 二二八和平公園內) )
382,高雄市,美濃區,,,6鄰中正路一段59號
383,臺北市,中正區,,,南昌路一段1號
384,臺北市,仁愛路,,,4段505號
327,嘉義縣,太保市,,,故宮大道888號
328,嘉義縣,太保市,,,故宮大道888號
329,臺北市,中正區,,,長沙街一段二號
330,高雄市,岡山區,,,009鄰岡山南路42號
331,新竹市,東區,,,中正路65號
332,臺中市,南區,,,五權南路100號
333,嘉義縣,新港鄉,,,新中路305號
334,嘉義縣,新港鄉,,,新中路305號
335,嘉義縣,新港鄉,,,新中路305號
336,嘉義縣,新港鄉,,,新中路305號
337,嘉義縣,新港鄉,,,新中路305號
338,嘉義縣,新港鄉,,,新中路305號
339,臺北市,中山區,,,長安東路一段8-1號
340,屏東市,民生路,,,4-17號
341,高雄市,河西路,,,99號
342,高雄市,岡山區,,,公園路2-1號
343,高雄市,林園區,,,002鄰福興街97號
344,高雄市,旗山區,,,007鄰中山路1號
345,高雄市,鼓山區,,,蓮海路20號
346,高雄市,鳳山區,,,7鄰勝利路2號
347,高雄市,鳳山區,,,013鄰鳳明街62號
348,高雄市,大樹區,,,
349,高雄市,林園區,,,林園北路236號
350,高雄市,林園區,,,林園北路236號
351,民雄鄉,建國路,,,2段265號
352,高雄市,前鎮區,,,21鄰新光路61號
353,基隆市,中正區,,,信一路181號
354,基隆市,仁愛區,,,
355,桃園市,大溪區,,,中正路68號
356,桃園市,大溪區,,,普濟路17、19、21、23號
357,桃園市,大溪區,,,普濟路52號
358,桃園市,大溪區,,,9鄰月眉34號
359,臺南市,山上區,,,山上16號
360,澎湖縣,七美鄉,,,55號
361,澎湖縣,馬公市,,,中山路75號
415,臺中市,南區,,,興路三段362號
416,臺中市,南區,,,興路三段362號
417,臺中市,南區,,,興路三段362號
418,臺中市,南區,,,興路三段362號
419,高雄市,鹽埕區,,,8鄰大勇路1號
420,高雄市,鹽埕區,,,8鄰大勇路1號
421,高雄市,鹽埕區,,,8鄰大勇路1號
422,高雄市,鹽埕區,,,8鄰大勇路1號
423,臺北市,文山區,,,景文街32號
424,臺北市,文山區,,,景文街32號
425,臺北市,大同區,,,迪化街1段21號
426,臺北市,士林區,,,外雙溪至善路2段221號
427,臺北市,士林區,,,外雙溪至善路2段221號
428,臺北市,士林區,,,外雙溪至善路2段221號
429,臺北市,士林區,,,外雙溪至善路2段221號
430,臺北市,士林區,,,外雙溪至善路2段221號
431,臺北市,士林區,,,外雙溪至善路2段221號
432,臺北市,士林區,,,外雙溪至善路2段221號
433,臺北市,士林區,,,外雙溪至善路2段221號
434,臺北市,士林區,,,外雙溪至善路2段221號
385,臺北市,南港區,,,研究院路二段130號
386,臺南市,南區,,,興中街7巷18弄5號
387,臺南市,南區,,,興中街7巷18弄5號
388,臺南市,南區,,,興中街7巷18弄5號
389,臺南市,南區,,,興中街7巷18弄5號
390,臺南市,南區,,,興中街7巷18弄5號
391,臺南市,南區,,,興中街7巷18弄5號
392,臺中市,西區,,,
393,高雄市,鼓山區,,,延平街87-13號
394,臺中市,南區,,,興路三段362號
395,臺中市,南區,,,興路三段362號
396,臺中市,南區,,,興路三段362號
397,臺中市,南區,,,興路三段362號
398,臺中市,南區,,,興路三段362號
399,高雄市,三民區,,,2鄰十全一路220號
400,臺中市,南區,,,興路三段362號
401,臺中市,南區,,,興路三段362號
402,臺中市,南區,,,興路三段362號
403,臺中市,南區,,,興路三段362號
404,臺中市,南區,,,興路三段362號
405,臺中市,南區,,,興路三段362號
406,臺中市,南區,,,興路三段362號
407,臺中市,南區,,,興路三段362號
408,臺中市,南區,,,興路三段362號
409,臺中市,南區,,,興路三段362號
410,臺中市,南區,,,興路三段362號
411,臺中市,南區,,,興路三段362號
412,臺中市,南區,,,興路三段362號
413,臺中市,南區,,,興路三段362號
414,臺中市,南區,,,興路三段362號
447,臺北市,中正區,,,襄陽路25號
448,臺北市,中正區,,,南昌路一段1號
449,臺北市,中正區,,,南昌路一段1號
450,臺中市,霧峰區,,,大同路8號
451,臺中市,霧峰區,,,大同路8號
452,臺中市,霧峰區,,,大同路8號
453,高雄市,鹽埕區,,,8鄰大勇路1號
454,高雄市,鹽埕區,,,8鄰大勇路1號
455,屏東市,民生路,,,4-17號
456,高雄市,三民區,,,2鄰十全一路220號
457,高雄市,左營區,,,2鄰啟文路12號
458,高雄市,鹽埕區,,,8鄰大勇路1號
459,臺中市,大里區,,,勝利二路1號
460,高雄市,鹽埕區,,,8鄰大勇路1號
461,苗栗縣,銅鑼鄉,,,銅科南路6號
462,苗栗縣,銅鑼鄉,,,銅科南路6號
463,宜蘭縣,五結鄉,,,五濱路二段201號
464,臺中市,大里區,,,科技路1號
465,臺中市,大里區,,,科技路1號
466,,,,,
467,臺北市,中正區,,,台北市中正區中山南路21號
468,新北市,永和區,,,文化路192巷4弄2-1號
435,臺北市,信義區,,,松仁路3號
436,臺北市,信義區,,,松仁路3號
437,臺北市,文山區,,,景文街32號
438,臺北市,文山區,,,景文街32號
439,臺北市,中正區,,,長沙街一段2號
440,臺北市,中正區,,,長沙街一段2號
441,臺北市,中正區,,,長沙街一段2號
442,臺北市,中正區,,,長沙街一段2號
443,臺北市,中正區,,,襄陽路二號
444,臺北市,中正區,,,襄陽路25號
445,臺北市,中正區,,,襄陽路25號
446,臺北市,中正區,,,襄陽路25號
503,南投縣,南投市,,,建國路135號
504,臺中市,學士路,,,98號
505,高雄市,鳳山區,,,017鄰光遠路161號
506,高雄市,鼓山區,,,6鄰美術館路80號
507,新北市,鶯歌區,,,文化路200號
508,高雄市,苓雅區,,,001鄰五福一路67號
509,高雄市,苓雅區,,,001鄰五福一路67號
510,高雄市,苓雅區,,,001鄰五福一路67號
511,高雄市,鹽埕區,,,8鄰大勇路1號
512,高雄市,鹽埕區,,,8鄰大勇路1號
513,高雄市,鳳山區,,,三多一路1號
514,宜蘭縣,宜蘭市,,,縣政北路3號
515,臺南市,中西區,,,中華西路二段34號
516,高雄市,苓雅區,,,五福一路67號
517,臺中市,南區,,,五權南路100號
518,高雄市,鳳山區,,,三多一路1號
519,臺南市,仁德區,,,文華路二段66號
520,臺南市,仁德區,,,文華路二段66號
521,,,,,
522,高雄市,六龜區,,,2鄰光復路70號
523,新北市,鶯歌區,,,文化路200號
524,新北市,鶯歌區,,,文化路200號
525,屏東縣,車城鄉,,,後灣村後灣路2號
526,屏東縣,車城鄉,,,後灣村後灣路2號
527,屏東縣,車城鄉,,,後灣村後灣路2號
528,新北市,板橋區,,,中山路一段143號
529,新北市,泰山區,,,全興路212號5樓
530,新北市,泰山區,,,全興路212號5樓
531,新北市,鶯歌區,,,文化路200號
532,南投縣,草屯鎮,,,中正路573號
533,金門縣,金寧鄉,,,
534,臺南市,大內區,,,34-2號
535,臺北市,信義區,,,仁愛路4段505號
536,新竹縣,竹北市,,,縣政九路146號
537,台北市,中正區,,,中華路一段69號
538,高雄市,苓雅區,,,001鄰五福一路67號
539,臺南市,安南區,,,長和路一段250號
540,臺南市,新市區,,,南科三路10號
469,新北市,淡水區,,,中正路28巷1號
470,新北市,淡水區,,,中正路28巷1號
471,新北市,淡水區,,,馬偕街19 號
472,新北市,淡水區,,,中正路28巷1號
473,新北市,淡水區,,,中正路259 號
474,高雄市,鼓山區,,,4鄰鼓山三路19-3號
475,澎湖縣,馬公市,,,中華路230號
476,宜蘭縣,員山鄉,,,8鄰員山路二段326號
477,臺北市,迪化街,,,一段21號9樓
478,新北市,全區域,,,
479,南投縣,草屯鎮,,,中正路573號
480,臺北市,中正區,,,濟南路二段27號
481,高雄市,鳳山區,,,高雄市鳳山區三多一路 1 號
482,新北市,淡水區,,,新民街1段138巷7號
483,新北市,淡水區,,,觀海路91號3樓、4樓
484,澎湖縣,馬公市,,,中華路230號
485,高雄市,鹽埕區,,,8鄰大勇路1號
486,宜蘭縣,五結鄉,,,24鄰五濱路二段201號
487,宜蘭縣,五結鄉,,,24鄰五濱路二段201號
488,高雄市,大樹區,,,25鄰久堂路97-1號
489,宜蘭縣,蘇澳鎮,,,
490,高雄市,大樹區,,,25鄰久堂路97-1號
491,臺中市,西屯區,,,惠來路二段101號
492,臺北市,延平南,,,路98號2樓
493,臺中市,西屯區,,,惠來路二段101號
494,桃園市,平鎮區,,,環南路三段88號
495,高雄市,鼓山區,,,6鄰美術館路80號
496,桃園市,大溪區,,,普濟路33-3號
497,臺南市,官田區,,,中山路1段129號
498,桃園市,大溪區,,,員林路一段29巷101號
499,臺中市,大肚區,,,
500,彰化縣,彰化市,,,中華路57號
501,臺東縣,成功鎮,,,
502,臺中市,豐原區,,,圓環東路782號
560,臺北市,萬華區,,,康定路173巷31號
561,臺北市,士林區,,,臨溪路72號
562,臺北市,中正區,,,八德路1段1號中六館
563,臺南市,佳里區,,,六安130號
564,臺南市,佳里區,,,六安130號
565,台北市,信義區,,,菸廠路88號B1
566,臺北市,中山南,,,路21-1號
567,,,,,
568,臺南市,佳里區,,,六安130號
569,臺南市,佳里區,,,六安130號
570,臺南市,佳里區,,,六安130號
571,臺南市,佳里區,,,六安130號
572,臺南市,佳里區,,,六安130號
573,新北市,坪林區,,,國中路３號
574,新北市,坪林區,,,國中路３號
575,新北市,坪林區,,,國中路３號
576,臺北市,中山區,,,中山北路2段48巷10號
577,臺北市,中山區,,,中山北路2段48巷10號
578,臺北市,士林區,,,文林路751號
579,新北市,鶯歌區,,,文化路200號
541,臺南市,新市區,,,南科三路10號
542,臺南市,新市區,,,南科三路10號
543,臺南市,玉井區,,,樹糖街22號
544,臺北市,中正區,,,台北市中山南路21號
545,新北市,泰山區,,,全興路212號5樓
546,臺南市,全區域,,,
547,南投縣,鹿谷鄉,,,仁義路1-9號
548,新北市,鶯歌區,,,文化路200號
549,苗栗縣,銅鑼鄉,,,銅科南路6號
550,臺北市,新生南,,,路三段56巷7號2樓
551,臺北市,信義區,,,基隆路一段396號10樓
552,臺北市,信義區,,,基隆路一段396號10樓
553,臺北市,大安區,,,和平東路三段123號3樓
554,臺北市,士林區,,,至善路2段34號
555,臺北市,中正區,,,重慶南路二段六巷10號
556,高雄市,大寮區,,,捷西路298號
557,臺北市,中山區,,,中山區中山北路二段39巷3號(晶華酒店1F)
558,臺北市,中正區,,,重慶南路二段六巷10號
559,臺北市,信義區,,,基隆路二段79巷1弄1號
614,高雄市,鳳山區,,,高雄市鳳山區三多一路 1 號
615,高雄市,鳳山區,,,高雄市鳳山區三多一路 1 號
616,高雄市,鹽埕區,,,8鄰大勇路1號
617,宜蘭縣,宜蘭市,,,9鄰復興路二段101號
618,宜蘭縣,宜蘭市,,,9鄰復興路二段101號
619,宜蘭縣,宜蘭市,,,9鄰復興路二段101號
620,臺中市,西屯區,,,惠來路二段101號
621,高雄市,新興區,,,1鄰中正三路34號3樓
622,臺中市,西區,,,五權西路一段2號
623,臺中市,西區,,,五權西路一段2號
624,臺中市,西區,,,五權西路一段2號
625,臺北市,大同區,,,寧夏路89號
626,臺北市,大同區,,,民生西路309號
627,桃園市,桃園區,,,同安街601號
628,桃園市,大溪區,,,康莊路641號 (大溪高中勤學樓1樓)
629,桃園市,桃園區,,,同安街601號
630,桃園市,平鎮區,,,環南路三段88號
631,臺中市,北屯區,,,旅順路2段73號
632,臺北市,信義區,,,光復南路133號
633,臺北市,信義區,,,光復南路133號
634,桃園市,中壢區,,,台貿一街100號
635,桃園市,中壢區,,,中美路76號
636,桃園市,中壢區,,,強國路60號
637,桃園市,中壢區,,,台貿一街100號
638,新北市,中和區,,,
639,新北市,中和區,,,
640,新北市,中和區,,,
641,新北市,中和區,,,南山路236號6樓
642,新北市,中和區,,,南山路236號6樓
643,新北市,中和區,,,南山路236號6樓
644,新北市,中和區,,,南山路236號6樓
645,新北市,中和區,,,南山路236號6樓
646,新北市,中和區,,,南山路236號6樓
647,臺南市,西港區,,,
648,臺中市,南屯區,,,
649,宜蘭縣,羅東鎮,,,14鄰純精路一段88號
650,宜蘭縣,羅東鎮,,,14鄰純精路一段88號
651,宜蘭縣,羅東鎮,,,14鄰純精路一段88號
580,新北市,鶯歌區,,,文化路200號
581,宜蘭縣,頭城鎮,,,1鄰青雲路三段750號
582,宜蘭縣,頭城鎮,,,港口路15之7號
583,宜蘭縣,五結鄉,,,24鄰五濱路二段201號
584,宜蘭縣,宜蘭市,,,縣政北路3號
585,宜蘭縣,宜蘭市,,,1鄰舊城南路力行3巷3號
586,宜蘭縣,蘇澳鎮,,,
587,宜蘭縣,宜蘭市,,,9鄰復興路二段101號
588,宜蘭縣,宜蘭市,,,9鄰復興路二段101號
589,宜蘭縣,宜蘭市,,,9鄰復興路二段101號
590,宜蘭縣,五結鄉,,,中正路二段6-8號
591,臺北市,大同區,,,大龍街275號
592,桃園市,中壢區,,,台貿一街100號
593,桃園市,中壢區,,,中美路76號
594,桃園市,中壢區,,,強國路60號
595,桃園市,中壢區,,,台貿一街100號
596,臺中市,豐原區,,,圓環東路782號
597,桃園市,中壢區,,,中美路16號
598,南投縣,草屯鎮,,,中正路573號
599,臺中市,清水區,,,忠貞路21號
600,臺中市,大里區,,,勝利二路1號
601,臺中市,清水區,,,忠貞路21號
602,臺中市,清水區,,,忠貞路21號
603,臺中市,清水區,,,忠貞路21號
604,臺中市,清水區,,,忠貞路21號
605,臺中市,清水區,,,忠貞路21號
606,苗栗縣,銅鑼鄉,,,銅科南路6號
607,臺北市,大同區,,,民生西路309號
608,苗栗縣,造橋鄉,,,
609,臺北市,中正區,,,中山南路21號
610,臺北市,中正區,,,中山南路21號
611,臺北市,中正區,,,中山南路21號
612,臺中市,西區,,,五權西路一段2號
613,高雄市,鳳山區,,,高雄市鳳山區三多一路 1 號
691,臺北市,信義區,,,仁愛路四段505號地下一樓
692,臺北市,信義區,,,仁愛路四段505號地下一樓
693,臺北市,信義區,,,仁愛路四段505號地下一樓
694,臺中市,大里區,,,
695,臺中市,大里區,,,
696,臺中市,大里區,,,
697,台南市,東區,,,中華東路三段332號
698,高雄市,鳳山區,,,三多一路1號
699,臺北市,中正區,,,基隆路一段396號10樓
700,桃園市,中壢區,,,中美路16號
701,,,,,
702,新竹市,東區,,,中正路65號
703,桃園市,中壢區,,,元化路、中美路一段及延平路口
704,臺北市,中山區,,,中山北路3段181號
705,臺北市,大安區,,,仁愛路三段五巷三弄11號
706,臺北市,大安區,,,仁愛路三段五巷三弄11號
707,高雄市,鹽埕區,,,019鄰中正四路272號
708,南投縣,草屯鎮,,,中正路573號
709,臺南市,中西區,,,台南市中西區中正路1號
710,臺中市,南屯區,,,向心南路、文心南七路、永春東一路、文心南五路圍成矩形公園用地
711,臺中市,豐原區,,,圓環東路782號
652,臺北市,萬華區,,,康定路、昆明街之間的廣州街北側，老松國小的南側
653,彰化縣,福興鄉,,,復興路28號
654,彰化縣,彰化市,,,
655,宜蘭縣,宜蘭市,,,9鄰復興路二段101號
656,宜蘭縣,宜蘭市,,,9鄰復興路二段101號
657,宜蘭縣,宜蘭市,,,9鄰復興路二段101號
658,宜蘭縣,宜蘭市,,,9鄰復興路二段101號
659,宜蘭縣,宜蘭市,,,9鄰復興路二段101號
660,宜蘭縣,宜蘭市,,,9鄰復興路二段101號
661,高雄市,新興區,,,1鄰中正三路34號3樓
662,新北市,淡水區,,,中正路28巷1號
663,,,,,
664,臺中市,南區,,,復興路三段362號
665,臺中市,西屯區,,,惠來路二段101號
666,屏東市,民生路,,,4-17號
667,桃園市,楊梅區,,,楊昇路256號
668,彰化縣,全區域,,,
669,桃園市,中壢區,,,復興路99號
670,桃園市,中壢區,,,復興路99號
671,臺北市,萬華區,,,廣州街173巷31號
672,臺南市,中西區,,,中華西路二段34號
673,臺南市,新化區,,,和平街53號
674,臺南市,新化區,,,和平街53號
675,臺南市,新化區,,,和平街53號
676,臺北市,信義區,,,仁愛路四段505號地下一樓
677,臺北市,信義區,,,仁愛路四段505號地下一樓
678,臺北市,信義區,,,仁愛路四段505號地下一樓
679,臺北市,信義區,,,仁愛路四段505號地下一樓
680,臺北市,信義區,,,仁愛路四段505號地下一樓
681,臺北市,信義區,,,仁愛路四段505號下一樓
682,臺北市,信義區,,,仁愛路四段505號地下一樓
683,臺北市,信義區,,,仁愛路四段505號地下一樓
684,臺北市,信義區,,,仁愛路四段505號地下一樓
685,臺北市,信義區,,,仁愛路四段505號地下一樓
686,臺北市,信義區,,,仁愛路四段505號地下一樓
687,臺北市,信義區,,,仁愛路四段505號地下一樓
688,臺北市,信義區,,,仁愛路四段505號地下一樓
689,臺北市,信義區,,,仁愛路四段505號地下一樓
690,臺北市,信義區,,,仁愛路四段505號地下一樓
737,臺北市,大安區,,,
738,臺東縣,成功鎮,,,新村路25號
739,臺北市,大安區,,,
740,臺北市,中正區,,,中山南路21號（一展廳視聽室）
741,桃園市,平鎮區,,,
742,臺北市,中正區,,,中山南路21號
743,南投縣,草屯鎮,,,中正路573號
744,新北市,中和區,,,華新街
745,,,,,
746,,,,,
747,臺中市,西屯區,,,
748,臺中市,霧峰區,,,中正路738之2號
749,臺南市,柳營區,,,
750,臺南市,柳營區,,,
751,彰化縣,彰化市,,,卦山路18號
752,彰化縣,彰化市,,,卦山路18號
753,彰化縣,彰化市,,,卦山路18號
754,新北市,永和區,,,中山路一段236號7樓
755,臺東縣,關山鎮,,,
756,桃園市,中壢區,,,
757,桃園市,中壢區,,,
758,桃園市,中壢區,,,
759,桃園市,中壢區,,,
760,桃園市,中壢區,,,
761,臺南市,仁德區,,,文華路二段66號
762,臺南市,仁德區,,,文華路二段66號
763,臺南市,仁德區,,,文華路二段66號
764,臺南市,仁德區,,,文華路二段66號
765,臺南市,仁德區,,,文華路二段66號
766,臺南市,仁德區,,,文華路二段66號
767,南投縣,草屯鎮,,,中正路573號
768,臺南市,麻豆區,,,總爺104號
769,臺南市,佳里區,,,六安130號
770,臺南市,佳里區,,,六安130號
771,臺南市,佳里區,,,六安130號
712,屏東縣,車城鄉,,,後灣村後灣路2號
713,雲林縣,北港鎮,,,公園路66號
714,雲林縣,虎尾鎮,,,林森路一段498號
715,臺中市,nul,,,l館前路1號
716,高雄市,苓雅區,,,001鄰五福一路67號
717,高雄市,鼓山區,,,6鄰美術館路80號
718,金門縣,烈嶼鄉,,,
719,臺中市,大甲區,,,
720,苗栗縣,竹南鎮,,,公園路206號
721,臺東縣,海端鄉,,,
722,臺東縣,成功鎮,,,基翬路74號
723,,,,,
724,臺北市,八德路,,,一段94號3F
725,桃園市,桃園區,,,中正五街、永康街及力行路
726,桃園市,桃園區,,,縣府路21號
727,花蓮縣,花蓮市,,,文復路六號
728,花蓮縣,花蓮市,,,松園街65號
729,臺中市,西區,,,五權西路一段2號
730,桃園市,新屋區,,,中正路110巷9號
731,桃園市,平鎮區,,,環南路三段88號
732,臺中市,霧峰區,,,柳豐路500號
733,臺南市,新市區,,,南科三路10號
734,臺南市,新市區,,,南科三路10號
735,臺南市,新市區,,,南科三路10號
736,,,,,
802,金門縣,金沙鎮,,,金寧鄉
803,臺中市,和平區,,,雪霸國家公園雪山山區
804,臺中市,西屯區,,,惠來路二段101號
805,基隆市,中正區,,,信一路181號
806,臺南市,中西區,,,府前路1段307號
807,,,,,
808,,,,,
809,401,  臺,,,中市東區
810,,,,,
811,臺北市,大同區,,,延平北路一段2號
812,臺北市,萬華區,,,
813,南投縣,竹山鎮,,,集山路二段345號
814,臺北市,大同區,,,延平北路一段2號
815,,,,,
816,929,  屏,,,東縣琉球鄉
817,臺北市,大同區,,,民生西路309號
818,苗栗縣,後龍鎮,,,中山路142-1號
819,臺南市,中西區,,,友愛街8-3號
772,宜蘭縣,五結鄉,,,五濱路二段201號
773,,,,,
774,臺中市,潭子區,,,
775,桃園市,中壢區,,,馬祖新村11~20號
776,桃園市,中壢區,,,馬祖新村11~20號
777,桃園市,中壢區,,,馬祖新村11~20號
778,南投縣,水里鄉,,,中山路一段300號
779,臺北市,大安區,,,辛亥路3段223號4、5樓
780,臺南市,南區,,,興中街7巷18弄5號
781,臺南市,中西區,,,開山路152號
782,臺南市,龍崎區,,,新市子38號
783,桃園市,大溪區,,,普濟路5號
784,臺南市,左鎮區,,,61-1號
785,臺南市,左鎮區,,,61-1號
786,高雄市,鳳山區,,,017鄰光遠路161號
787,臺中市,太平區,,,
788,新竹市,舊港地,,,區
789,108,  臺,,,北市萬華區
790,臺中市,豐原區,,,圓環東路782號
791,高雄市,新興區,,,1鄰中正三路34號3樓
792,桃園市,桃園區,,,中正路1188號
793,臺中市,豐原區,,,圓環東路782號
794,臺中市,豐原區,,,圓環東路782號
795,臺北市,大同區,,,
796,桃園市,桃園區,,,三民路一段100號
797,桃園市,桃園區,,,三民路一段100號
798,桃園市,桃園區,,,三民路一段100號
799,桃園市,桃園區,,,三民路一段100號
800,桃園市,桃園區,,,三民路一段100號
801,,,,,
841,高雄市,鳳山區,,,高雄市鳳山區三多一路 1 號
842,台北市,士林區,,,士商路189號
843,桃園市,桃園區,,,中正路1188號
844,臺北市,中正區,,,長沙街一段2號
845,高雄市,鹽埕區,,,1鄰大仁路179號5樓、6樓
846,屏東縣,內埔鄉,,,文化路183號
847,屏東縣,內埔鄉,,,文化路183號
848,屏東縣,內埔鄉,,,文化路183號
849,,,,,
850,桃園市,觀音區,,,觀新路56號
851,苗栗縣,竹南鎮,,,公園路206號
852,苗栗縣,竹南鎮,,,公園路206號
853,苗栗縣,竹南鎮,,,公園路206號
854,臺北市,誠品信,,,義店3F音樂館
855,100,  臺,,,北市中正區
856,,,,,
857,,,,,
858,嘉義縣,太保市,,,故宮大道888號
859,高雄市,旗山區,,,022鄰文中路7號
860,臺北市,台北市,,,大安區市民大道三段178號
861,臺東縣,池上鄉,,,台東縣池上鄉中山路211號
862,新北市,鶯歌區,,,文化路200號
863,,,,,
864,新竹市,東區,,,東門街32號
865,桃園市,中壢區,,,
866,桃園市,中壢區,,,
867,高雄市,三民區,,,002鄰大順二路468號
868,桃園市,大溪區,,,普濟路21-3號
820,臺中市,北區,,,館前路1號
821,臺中市,北區,,,館前路1號
822,臺中市,北區,,,館前路1號
823,臺南市,中西區,,,中正路5巷1號
824,臺南市,中西區,,,民權路二段30號
825,臺南市,中西區,,,民權路二段30號
826,苗栗縣,公館鄉,,,14鄰館南352號
827,苗栗縣,通霄鎮,,,
828,臺北市,台北市,,,金華街199巷5號
829,,,,,
830,,,,,
831,桃園市,中壢區,,,
832,彰化縣,彰化市,,,卦山路18號
833,臺南市,中西區,,,忠義路二段4號(啟智永慶社區活動中心)
834,臺南市,佳里區,,,六安130號
835,333,  桃,,,園市龜山區
836,臺南市,新市區,,,南科三路10號
837,265,  宜,,,蘭縣羅東鎮
838,新北市,泰山區,,,
839,新北市,泰山區,,,
840,高雄市,鳳山區,,,高雄市鳳山區三多一路 1 號
1846,新北市,蘆洲區,,,三民路178號
1847,臺北市,北投區,,,學園路1號
1848,臺北市,中正區,,,中山南路21號
1849,,,,,
1850,,,,,
1851,,,,,
1852,,,,,
1853,臺北市,延平南,,,路98號
1854,宜蘭市,中山路,,,二段482號
1855,桃園市,桃園區,,,中正路208號
1856,桃園市,平鎮區,,,
1452,彰化縣,彰化市,,,卦山路4號
1453,彰化縣,彰化市,,,卦山路4號
1454,臺北市,全區域,,,
1455,花蓮縣,中美路,,,81號
1456,臺北市,中正區,,,台北市中山南路21號中正記念堂管理處
1457,新竹市,中央路,,,109號旁
1595,臺中市,西區,,,
1596,苗栗縣,銅鑼鄉,,,銅科南路6號
1597,苗栗縣,銅鑼鄉,,,銅科南路6號
1598,苗栗縣,苗栗市,,,水流娘巷11鄰8-2號
1599,苗栗縣,苗栗市,,,水流娘巷11鄰8-2號
1600,台北市,中山區,,,南京東路二段124號9樓
1734,臺北市,大安區,,,仁愛路三段五巷三弄11號
1735,新北市,中和區,,,建一路249號8樓
1736,臺北市,中山南,,,路21-1號
1737,高雄市,鳳山區,,,三多一路1號
1738,南投縣,南投市,,,建國路135號
1739,台中市,霧峰區,,,民生路26號
1740,臺南市,東區,,,中華東路3段332號
1741,桃園市,桃園區,,,中正路1188號
1742,臺北市,中山南,,,路21-1號，信義路側
1743,臺南市,安南區,,,安吉路一段205、207號
1857,桃園市,龍潭區,,,中正路三林段500號
1858,桃園市,中壢區,,,
1859,桃園市,龍潭區,,,東龍路246號
1860,桃園市,楊梅區,,,
1861,苗栗縣,竹南鎮,,,公園路206號
1862,苗栗縣,竹南鎮,,,公園路206號
1863,高雄市,左營區,,,029鄰博愛二路757號
1458,臺北市,中山南,,,路21-1號
1459,臺北市,延平南,,,路98號
1460,新竹縣,關西鎮,,,中豐路一段336號
1461,臺北市,延平南,,,路98號
1462,雲林縣,北港鎮,,,公園路66號
1463,南投縣,南投市,,,建國路135號
1464,高雄市,鳳山區,,,三多一路1號
1465,高雄市,鳳山區,,,三多一路1號
1466,高雄市,鳳山區,,,三多一路1號
1467,高雄市,苓雅區,,,五福一路67號
1468,台北市,文山區,,,木新路2段156-1號5樓
1469,南投縣,埔里鎮,,,中華路239號
1470,桃園市,桃園區,,,成功路三段200號
1471,臺中市,豐原區,,,中正路179號
1472,臺中市,梧棲區,,,梧棲路140號
1601,南投縣,南投市,,,建國路135號
1602,南投縣,南投市,,,建國路135號
1603,南投縣,信義鄉,,,太平巷112號
1604,南投縣,草屯鎮,,,中正路573號
1605,臺北市,中山區,,,伊通街41號3樓
1744,臺南市,安南區,,,安吉路一段205、207號
1745,臺南市,安南區,,,安吉路一段205、207號
1746,臺中市,清水區,,,忠貞路21號
1747,桃園市,大溪區,,,員林路一段29巷101號
1748,桃園市,大溪區,,,員林路一段29巷101號
1749,桃園市,大溪區,,,員林路一段29巷101號
1864,高雄市,鳳山區,,,高雄市鳳山區三多一路 1 號
1865,高雄市,鳳山區,,,高雄市鳳山區三多一路 1 號
1866,高雄市,鳳山區,,,高雄市鳳山區三多一路 1 號
1867,高雄市,鳳山區,,,高雄市鳳山區三多一路 1 號
1473,臺中市,中區,,,
1474,臺中市,西區,,,英才路600號
1475,臺中市,西區,,,英才路600號
1476,臺北市,忠孝西,,,路1段50號17樓之14
1477,彰化縣,彰化市,,,74卦山路18號
1478,彰化縣,彰化市,,,彰化市卦山路18號
1479,彰化縣,彰化市,,,74卦山路18號
1480,彰化縣,彰化市,,,74卦山路18號
1481,彰化縣,彰化市,,,74卦山路18號
1606,臺南市,安平區,,,永華路二段6號
1607,臺南市,中西區,,,南門路37號
1608,臺中市,西屯區,,,惠來路二段101號
1609,臺北市,中山南,,,路21-1號，信義路側
1610,臺中市,學士路,,,98號
1611,南投縣,埔里鎮,,,中華路239號
1612,臺北市,中正區,,,八德路一段1號
1613,高雄市,鳳山區,,,三多一路1號
1614,高雄市,鳳山區,,,光遠路161號
1615,新北市,蘆洲區,,,中山二路162號2樓
1616,台北市,中山區,,,南京東路2段124號9樓
1617,屏東市,民生路,,,4-17號
1618,高雄市,鹽埕區,,,河西路10號
1619,臺中市,神岡區,,,神圳路1號
1620,臺中市,北屯區,,,
1621,臺中市,北屯區,,,
1622,臺中市,新社區,,,興社街二段28之1號
1623,臺中市,石岡區,,,
1624,臺中市,潭子區,,,
1750,臺北市,士林區,,,文林路751號
1751,臺北市,士林區,,,文林路751號
1752,臺中市,北屯區,,,
1868,彰化縣,鹿港鎮,,,後車巷7號
1869,高雄市,鳳山區,,,高雄市鳳山區三多一路 1 號
1870,高雄市,鳳山區,,,高雄市鳳山區三多一路 1 號
1871,臺北市,南海路,,,四十七號
1872,臺北市,羅斯福,,,路四段一號
1873,,,,,
1874,,,,,
1482,彰化縣,彰化市,,,卦山路18號
1483,彰化縣,彰化市,,,74卦山路18號
1484,彰化縣,彰化市,,,74卦山路18號
1485,彰化縣,彰化市,,,74卦山路18號
1486,彰化縣,彰化市,,,卦山路18號
1487,彰化縣,彰化市,,,卦山路18號
1488,彰化縣,彰化市,,,卦山路18號
1489,彰化縣,彰化市,,,卦山路18號
1490,彰化縣,彰化市,,,卦山路18號
1491,彰化縣,彰化市,,,卦山路18號
1492,彰化縣,彰化市,,,彰化市卦山路18號
1493,彰化縣,彰化市,,,卦山路18號
1494,彰化縣,彰化市,,,彰化市卦山路18號
1495,彰化縣,彰化市,,,卦山路18號
1625,臺中市,大里區,,,勝利二路1號
1626,臺中市,清水區,,,
1627,臺中市,大里區,,,
1628,臺中市,北屯區,,,
1629,臺中市,豐原區,,,
1630,臺中市,東區,,,
1631,臺中市,石岡區,,,石岡街123號
1632,臺中市,潭子區,,,
1633,臺中市,南屯區,,,
1634,新北市,蘆洲區,,,長安街96號3樓
1753,新北市,土城區,,,中州路28巷30號4樓
1754,新北市,土城區,,,中央路4段283-1號4樓
1755,新北市,樹林區,,,佳園路三段128號二樓
1756,新北市,三峽區,,,學成路396號3-4樓
1757,新北市,三峽區,,,永安街9巷5號2樓
1968,臺南市,仁德區,,,文華路二段66號
1969,臺北市,萬華區,,,康定路173巷23號
1970,臺北市,中正區,,,中山南路21號
1971,臺中市,西區,,,五權西路一段2號
1972,臺北市,中正區,,,中山南路1號
1496,彰化縣,彰化市,,,彰化市卦山路18號
1497,彰化縣,彰化市,,,彰化市卦山路18號
1498,彰化縣,彰化市,,,彰化市卦山路18號
1499,彰化縣,彰化市,,,彰化市卦山路18號
1500,彰化縣,彰化市,,,彰化市卦山路18號
1501,彰化縣,彰化市,,,74卦山路18號
1502,彰化縣,彰化市,,,彰化市卦山路18號
1503,彰化縣,彰化市,,,彰化市卦山路18號
1504,彰化縣,彰化市,,,彰化市卦山路18號
1505,彰化縣,彰化市,,,74卦山路18號
1506,彰化縣,彰化市,,,彰化市卦山路18號
1507,彰化縣,彰化市,,,彰化市卦山路18號
1635,臺北市,中正區,,,
1636,新北市,蘆洲區,,,三民路178號
1758,新北市,三峽區,,,學成路396號3-4樓
1759,臺中市,西區,,,英才路600號
1760,臺中市,大安區,,,興安路378號
1761,臺中市,大安區,,,興安路378號
1762,臺南市,全區域,,,
1763,臺南市,全區域,,,
1764,臺南市,東區,,,北門路二段4號
1765,臺南市,東區,,,北門路二段4號
1766,臺北市,中正區,,,南昌路一段1號
1904,臺北市,松山區,,,八德路3段25號
1905,臺中市,大里區,,,中興路一段163號
1906,臺中市,大里區,,,德芳路一段229號四、五樓
1907,臺中市,大里區,,,大新街36-1號
1908,臺中市,大里區,,,大新街36-1號
1909,臺中市,大里區,,,德芳路一段229號四、五樓
1910,臺中市,大里區,,,德芳路一段229號四、五樓
1911,臺中市,大里區,,,中興路一段163號
1912,臺中市,大里區,,,中興路一段163號
1913,臺中市,大里區,,,中興路一段163號
1914,臺中市,大里區,,,大新街36-1號
1915,臺中市,大里區,,,德芳路一段229號四、五樓
1916,臺中市,大里區,,,中興路一段163號
1917,臺中市,大里區,,,中興路一段163號
1918,臺中市,大里區,,,德芳路一段229號四、五樓
1919,臺中市,大里區,,,德芳路一段229號四、五樓
1508,彰化縣,彰化市,,,彰化市卦山路18號
1509,彰化縣,彰化市,,,彰化市卦山路18號
1510,彰化縣,彰化市,,,彰化市卦山路18號
1511,彰化縣,彰化市,,,彰化市卦山路18號
1512,彰化縣,彰化市,,,彰化市卦山路18號
1513,彰化縣,彰化市,,,彰化市卦山路18號
1514,彰化縣,彰化市,,,彰化市卦山路18號
1515,彰化縣,彰化市,,,彰化市卦山路18號
1516,彰化縣,彰化市,,,彰化市卦山路18號
1517,彰化縣,彰化市,,,彰化市卦山路18號
1518,彰化縣,彰化市,,,彰化市卦山路18號
1637,高雄市,三民區,,,建工路415號
1638,臺北市,中正區,,,南海路41號6F
1639,臺北市,中正區,,,南海路41號
1640,臺北市,信義區,,,市民大道5段50號
1641,高雄市,鹽埕區,,,河西路10號
1642,臺南市,新營區,,,中正路23號
1643,新北市,全區域,,,
1767,臺南市,安南區,,,安吉路一段205、207號
1768,臺南市,中西區,,,臺南市中西區南門路 37 號
1769,南投縣,國姓鄉,,,
1770,南投縣,國姓鄉,,,
1771,南投縣,草屯鎮,,,健行路150巷26號
1772,新竹市,新竹市,,,東區大學路1001號浩然圖書館B1
1938,新北市,淡水區,,,中正路一段6巷36號
1939,新北市,淡水區,,,中正路一段6巷36號
1940,高雄市,林園區,,,林園北路236號
1941,新北市,淡水區,,,中正路一段6巷36號
1519,彰化縣,彰化市,,,彰化市卦山路18號
1520,臺北市,仁愛路,,,4段505號
1521,臺北市,延平南,,,路98號
1522,高雄市,鼓山區,,,馬卡道路330號
1523,高雄市,前鎮區,,,21鄰新光路61號
1524,高雄市,前鎮區,,,21鄰新光路61號
1644,高雄市,新興區,,,6鄰中正二路214號
1645,臺北市,大安區,,,
1646,臺北市,全區域,,,
1647,臺北市,大安區,,,
1648,臺北市,萬華區,,,中華路一段174號
1649,臺北市,全區域,,,
1650,新北市,深坑區,,,深坑街10號1樓
1651,南投縣,信義鄉,,,
1652,臺北市,大安區,,,
1773,花蓮市,文復路,,,4號
1774,臺北市,中正區,,,中山南路21號
1775,,,,,
1776,花蓮市,文復路,,,6號
1777,新北市,板橋區,,,莊敬路62號
1778,臺中市,學士路,,,98號
1779,民雄鄉,建國路,,,2段265號
1780,桃園市,楊梅區,,,
1781,桃園市,楊梅區,,,
1782,桃園市,楊梅區,,,
1783,桃園市,楊梅區,,,
1784,桃園市,楊梅區,,,
1785,桃園市,楊梅區,,,
1786,桃園市,楊梅區,,,
1787,桃園市,楊梅區,,,
1875,臺北市,中正區,,,中山南路21號
1876,臺北市,中山南,,,路21-1號，信義路側
1877,南投縣,南投市,,,建國路135號
1878,臺中市,西屯區,,,惠來路二段101號
1879,臺北市,中山南,,,路21-1號
1880,台北市,中山南,,,路21-1號
1881,臺北市,中山南,,,路21-1號，信義路側
1882,台北市,中山南,,,路21-1號
1883,台北市,中山南,,,路21-1號
1884,台北市,中山南,,,路21-1號
1885,台北市,中山南,,,路21-1號
1886,台北市,北投區,,,學園路1號
1887,臺北市,中山南,,,路21-1號，愛國東路側
1888,高雄市,鳳山區,,,三多一路1號
1889,臺北市,中山南,,,路21-1號，信義路側
1890,高雄市,鳳山區,,,三多一路1號
1891,臺北市,中山南,,,路21-1號，愛國東路側
1892,高雄市,三民區,,,002鄰大順二路468號
1525,臺中市,西區,,,英才路600號
1526,苗栗縣,苗栗市,,,自治路50號
1527,苗栗縣,苗栗市,,,自治路50號
1528,臺北市,中山南,,,路21-1號，信義路側
1529,桃園市,中壢區,,,中美路16號
1530,臺北市,景文街,,,32號，捷運景美站1號出口
1531,臺北市,景文街,,,32號，捷運景美站1號出口
1532,員林市,大饒里,,,員林大道二段99號
1533,桃園市,桃園區,,,復興路135號
1534,新北市,泰山區,,,楓江路26巷26號3樓
1535,新北市,泰山區,,,楓江路26巷26號3樓
1536,新北市,泰山區,,,楓江路26巷26號3樓
1653,臺北市,萬華區,,,康定路、昆明街之間的廣州街北側，老松國小的南側
1654,臺北市,中正區,,,延平南路98號
1655,臺北市,大同區,,,寧夏路89號
1656,臺北市,大安區,,,
1657,臺北市,萬華區,,,康定路、昆明街之間的廣州街北側，老松國小的南側
1658,新北市,蘆洲區,,,三民路178號
1788,桃園市,楊梅區,,,
1789,桃園市,新屋區,,,
1790,桃園市,新屋區,,,
1791,桃園市,新屋區,,,
1792,高雄市,鹽埕區,,,019鄰中正四路272號
1793,臺北市,士林區,,,文林路751號
1794,新北市,三峽區,,,永安街9巷5號2樓
1920,臺中市,大里區,,,大新街36-1號
1921,臺中市,大里區,,,大新街36-1號
1922,臺中市,大里區,,,中興路一段163號
1923,臺中市,大里區,,,大新街36-1號
1924,臺中市,大里區,,,中興路一段163號
1925,臺中市,大里區,,,德芳路一段229號四、五樓
1926,臺中市,大里區,,,中興路一段163號
1927,臺中市,大里區,,,中興路一段163號
1928,臺中市,大里區,,,德芳路一段229號四、五樓
1929,臺中市,大里區,,,德芳路一段229號四、五樓
1930,臺中市,大里區,,,大新街36-1號
1931,臺中市,大里區,,,大新街36-1號
1932,臺中市,南屯區,,,
1933,臺中市,大甲區,,,水源路190號
1537,花蓮縣,秀林鄉,,,台八線路旁(188K處附近)
1538,新北市,中和區,,,南山路236號6樓
1539,臺中市,中區,,,臺灣大道一段1號
1540,臺中市,中區,,,
1541,臺中市,外埔區,,,
1659,高雄市,鹽埕區,,,大勇路1號
1660,,,,,
1661,臺北市,中山南,,,路21-1號
1662,新北市,淡水區,,,中正東路二段29號15樓
1663,台中市,西屯區,,,西安街277巷2號
1664,臺北市,迪化街,,,一段21號9樓
1665,臺北市,士林區,,,文林路751號
1666,臺中市,西屯區,,,惠來路二段101號
1667,臺中市,西屯區,,,惠來路二段101號
1668,新竹市,東大路,,,二段17號
1669,臺北市,士林區,,,文林路751號.
1670,台北市,信義區,,,信義路五段一號
1671,高雄市,三民區,,,陽明路300號3樓
1672,臺中市,豐原區,,,圓環東路782號
1673,高雄市,三民區,,,
1795,臺北市,南港區,,,研究院路二段130號
1796,新北市,鶯歌區,,,中山路150號B1至1樓及3至5樓
1797,臺南市,全區域,,,
1798,臺北市,中正區,,,
1799,臺南市,全區域,,,
1800,臺北市,中正區,,,徐州路46號
1942,新北市,淡水區,,,中正路一段6巷36號
1943,高雄市,三民區,,,九如一路588號
1944,臺北市,中山南,,,路21-1號
1945,台南市,中華東,,,路3段332號
1946,臺北市,延平南,,,路98號
1947,台北市,士林區,,,士商路189號
1948,高雄市,鳳山區,,,三多一路1號
1949,新北市,樹林區,,,樹新路40-8號
1950,桃園市,桃園區,,,中正路1188號
1951,桃園市,桃園區,,,中正路1188號
1952,臺北市,士林區,,,文林路751號
1953,基隆市,仁愛區,,,忠三路75號
1954,臺北市,中山南,,,路21-1號，信義路側
1955,臺北市,中山南,,,路21-1號
1956,宜蘭縣,蘇澳鎮,,,利工一路一段6號
1542,苗栗縣,頭屋鄉,,,
1543,苗栗縣,公館鄉,,,
1544,臺中市,梧棲區,,,
1545,苗栗縣,頭份市,,,
1546,新北市,鶯歌區,,,文化路200號
1547,苗栗縣,苗栗市,,,自治路50號
1674,臺中市,潭子區,,,
1675,臺中市,潭子區,,,
1676,花蓮縣,花蓮市,,,
1677,高雄市,彌陀區,,,2鄰中正路281巷50號
1678,新北市,淡水區,,,文化路65號
1679,新北市,淡水區,,,文化路65號
1680,新北市,淡水區,,,文化路65號
1681,宜蘭縣,員山鄉,,,8鄰員山路二段326號
1682,宜蘭縣,員山鄉,,,8鄰員山路二段326號
1683,宜蘭縣,員山鄉,,,8鄰員山路二段326號
1801,臺北市,中正區,,,中山南路21號
1802,,,,,
1803,臺北市,中山區,,,南京東路二段1號3樓
1804,苗栗市,自治路,,,50號
1805,臺北市,士林區,,,文林路751號
1806,台北市,中山區,,,南京東路二段124號9樓
1807,台北市,中山區,,,南京東路二段124號9樓
1808,臺南市,新營區,,,中正路23號
1809,臺南市,新營區,,,中正路23號
1893,高雄市,前金區,,,民生二路37號
1894,高雄市,燕巢區,,,2鄰中民路592號
1895,高雄市,左營區,,,
1896,桃園市,中壢區,,,中美路16號
1897,桃園市,楊梅區,,,
1898,桃園市,大園區,,,
1899,高雄市,苓雅區,,,8鄰青年二路101號4-5樓
1900,高雄市,鹽埕區,,,
1901,高雄市,鹽埕區,,,019鄰中正四路272號
1902,高雄市,鹽埕區,,,019鄰中正四路272號
1903,高雄市,三民區,,,陽明路300號3樓
1548,臺中市,西區,,,五權西路一段110號 B1豐藝館 (豐邑一即一切)
1549,,,,,
1550,,,,,
1551,,,,,
1684,新北市,淡水區,,,文化路65號
1685,臺中市,大甲區,,,
1686,高雄市,苓雅區,,,海邊路15號
1687,臺北市,大同區,,,103長安西路39號
1688,臺北市,中正區,,,中山南路21號
1689,臺北市,中正區,,,中山南路21號
1690,臺北市,中正區,,,中山南路21號
1810,臺南市,新營區,,,中正路23號
1811,桃園市,龜山區,,,光峰路43號
1812,桃園市,楊梅區,,,
1813,桃園市,中壢區,,,
1814,臺南市,新營區,,,中正路23號
1815,臺南市,東區,,,中華東路三段332號
1816,苗栗縣,南庄鄉,,,20鄰中正路165號
1817,苗栗縣,三灣鄉,,,親民路17-1號
1934,臺北市,中正區,,,延平南路98號
1935,臺南市,新營區,,,中正路23號
1936,新北市,蘆洲區,,,中山二路162號2樓
1937,新北市,蘆洲區,,,中山二路162號2樓
1552,,,,,
1553,臺南市,中西區,,,台南市中西區中正路1號
1554,臺北市,景文街,,,32號，捷運景美站1號出口
1555,臺北市,迪化街,,,一段21號9樓
1556,臺北市,迪化街,,,一段21號8樓
1557,臺北市,迪化街,,,一段21號8樓
1558,臺北市,迪化街,,,一段21號8樓
1559,臺北市,迪化街,,,一段21號9樓
1560,臺中市,霧峰區,,,
1561,臺中市,北屯區,,,旅順路2段73號
1691,臺北市,中正區,,,中山南路21號
1692,臺東縣,臺東市,,,新生路135巷26號
1693,臺北市,信義區,,,仁愛路4段505號
1694,新北市,永和區,,,文化路192巷4弄2-1號
1695,,,,,
1696,,,,,
1697,,,,,
1698,,,,,
1699,,,,,
1700,臺北市,中山南,,,路21-1號
1701,臺北市,中山南,,,路21-1號
1702,員林市,大饒里,,,員林大道二段99號
1703,台北市,中山區,,,林森北路107巷10號 B1
1818,臺北市,大同區,,,民族西路141號
1819,嘉義縣,大林鎮,,,平和街21之7號
1820,高雄市,鹽埕區,,,019鄰中正四路272號
1821,高雄市,鹽埕區,,,019鄰中正四路272號
1822,高雄市,鹽埕區,,,019鄰中正四路272號
1823,高雄市,鹽埕區,,,019鄰中正四路272號
1957,高雄市,三民區,,,陽明路300號3樓
1958,高雄市,仁武區,,,005鄰澄仁路200號
1959,高雄市,鹽埕區,,,8鄰大勇路1號
1960,臺中市,大里區,,,
1961,臺中市,龍井區,,,觀光路2號
1962,臺中市,龍井區,,,觀光路2號
1963,臺中市,梧棲區,,,
1964,臺中市,龍井區,,,中央路一段167號
1965,臺南市,新市區,,,中心路8號
1966,臺南市,新市區,,,中心路8號
1967,臺南市,仁德區,,,文華路二段66號
1562,臺中市,西區,,,自由路一段150號
1563,花蓮縣,花蓮市,,,文復路六號
1564,苗栗縣,苗栗市,,,自治路50號
1565,苗栗縣,苗栗市,,,自治路50號
1566,苗栗縣,苗栗市,,,自治路50號
1567,苗栗縣,苗栗市,,,自治路50號
1568,苗栗縣,苗栗市,,,自治路50號
1704,員林市,大饒里,,,員林大道二段99號
1705,員林市,大饒里,,,員林大道二段99號
1706,屏東市,民生路,,,4-17號
1707,屏東市,民生路,,,4-17號
1708,竹北市,縣政九,,,路146號
1709,新竹縣,竹北市,,,縣政九路146號
1710,高雄市,前鎮區,,,中華五路789號
1711,臺中市,西屯區,,,惠來路二段101號
1712,嘉義縣,太保市,,,故宮大道888號
1713,嘉義縣,太保市,,,故宮大道888號
1714,嘉義縣,太保市,,,故宮大道888號
1715,嘉義縣,番路鄉,,,
1716,桃園市,蘆竹區,,,吉林路34、36、38、40、42、44、46號，長春路3巷3號1.2樓、4號1.2樓、5號1.2樓，長春路5巷1號1樓
1717,桃園市,楊梅區,,,
1824,高雄市,鹽埕區,,,019鄰中正四路272號
1825,臺南市,中西區,,,永華一街59號
1826,臺北市,中正區,,,中山南路21號
1827,臺北市,信義區,,,仁愛路4段505號
1828,金門縣,金城鎮,,,90號
1829,高雄市,小港區,,,學府路115號
1830,宜蘭市,中山路,,,二段482號
1831,桃園市,桃園區,,,縣府路21號
1832,台中市,霧峰區,,,民生路26號
1833,臺中市,北區,,,學士路98號
1434,臺北市,景文街,,,32號，捷運景美站1號出口
1435,高雄市,鳳山區,,,三多一路1號
1436,高雄市,岡山區,,,岡山南路42號
1437,臺中市,西屯區,,,臺灣大道三段99號
1438,臺中市,西屯區,,,臺灣大道三段99號
1439,臺中市,全區域,,,
1440,臺中市,大里區,,,
1441,臺北市,中正區,,,重慶南路2段45號
1442,臺北市,大安區,,,
1569,苗栗縣,苗栗市,,,自治路50號
1570,苗栗縣,銅鑼鄉,,,
1571,苗栗縣,頭份市,,,
1572,苗栗縣,頭份市,,,
1573,臺北市,信義路,,,三段147巷36弄22號
1574,,,,,
1718,桃園市,楊梅區,,,
1719,高雄市,新興區,,,1鄰中正三路34號3樓
1720,新北市,全區域,,,
1721,雲林縣,臺西鄉,,,
1722,新北市,淡水區,,,文化路65號
1723,新北市,淡水區,,,民生路27號4樓、5樓、6樓
1724,新北市,淡水區,,,中正東路2段68號
1725,臺中市,清水區,,,忠貞路21號
1726,臺中市,太平區,,,大興路201號
1727,臺中市,太平區,,,大興路201號
1728,臺中市,太平區,,,大興路201號
1834,臺南市,安南區,,,安吉路一段205、207號
1835,桃園市,中壢區,,,中大路300號
1836,臺北市,中山區,,,
1837,花蓮縣,光復鄉,,,
1838,花蓮縣,壽豐鄉,,,
1839,花蓮縣,花蓮市,,,建國路8號
1443,南投縣,草屯鎮,,,中正路573號
1444,臺中市,西區,,,公益路155巷9號B1
1445,,,,,
1446,臺中市,太平區,,,大興路201號
1447,台北市,八德路,,,三段25號
1575,臺北市,信義區,,,仁愛路4段505號
1576,臺北市,信義區,,,仁愛路4段505號
1577,臺北市,信義區,,,仁愛路4段505號
1578,臺北市,信義區,,,仁愛路4段505號
1579,臺北市,信義區,,,仁愛路4段505號
1580,臺北市,信義區,,,仁愛路4段505號
1581,高雄市,河西路,,,99號
1582,臺北市,中山南,,,路21-1號
1583,嘉義市,忠孝路,,,275號
1584,新北市,中和區,,,南山路236號6樓
1585,臺中市,豐原區,,,圓環東路782號
1586,臺中市,豐原區,,,圓環東路782號
1729,南投縣,南投市,,,中興路669號
1730,臺北市,大安區,,,仁愛路三段五巷三弄11號
1731,宜蘭縣,員山鄉,,,員山路二段326號
1732,臺北市,大安區,,,仁愛路三段五巷三弄11號
1733,宜蘭縣,員山鄉,,,員山路二段326號
1840,花蓮縣,花蓮市,,,光復街130號2樓
1841,花蓮縣,花蓮市,,,光復街130號2樓
1842,臺中市,西屯區,,,臺灣大道三段99號
1843,嘉義縣,民雄鄉,,,7鄰大學路一段168號
1844,高雄市,鳳山區,,,高雄市鳳山區三多一路 1 號
1845,苗栗縣,竹南鎮,,,公園路206號
1448,臺北市,中山區,,,中山北路3段181號
1449,臺北市,中山區,,,中山北路3段181號
1450,臺北市,松山區,,,
1451,彰化縣,彰化市,,,卦山路4號
1587,新北市,新莊區,,,中正路61巷1號
1588,臺中市,中區,,,
1589,新北市,板橋區,,,莊敬路62號
1590,臺中市,西屯區,,,
1591,臺中市,西區,,,樂群街38號
1592,臺中市,西區,,,樂群街38號
1593,臺中市,北區,,,精武路291之3號4樓
1594,臺中市,中區,,,
1330,南投縣,竹山鎮,,,
1331,高雄市,鹽埕區,,,大勇路1號
1332,高雄市,鹽埕區,,,大義街2號
1333,,,,,
1334,臺中市,西區,,,台中市西區自由路一段150號
1335,臺北市,延平南,,,路98號
1336,新北市,板橋區,,,莊敬路62號
1337,新北市,板橋區,,,莊敬路62號
1338,桃園市,中壢區,,,
1339,桃園市,龍潭區,,,中豐路上林段115巷
894,高雄市,前鎮區,,,新光路61號8樓
895,臺北市,大安區,,,仁愛路三段五巷三弄11號
896,臺北市,信義區,,,路六段15巷2號
897,桃園市,蘆竹區,,,南祥路386號2樓
898,彰化縣,彰化市,,,城中街20號（紅絲線）
899,高雄市,鳳山區,,,三多一路1號
900,臺中市,北區,,,學士路91號
901,桃園市,桃園區,,,公園路42號
902,桃園市,桃園區,,,公園路42號
1015,臺北市,中正區,,,南昌路一段1號
1016,臺南市,七股區,,,
1017,彰化縣,和美鎮,,,道周路346號
1018,彰化縣,和美鎮,,,道周路346號
1019,彰化縣,和美鎮,,,道周路346號
1020,彰化縣,和美鎮,,,道周路346號
1021,彰化縣,和美鎮,,,道周路346號
1022,彰化縣,和美鎮,,,道周路346號
1023,高雄市,鳳山區,,,三多一路1號
1024,高雄市,鳳山區,,,三多一路1號
1025,臺北市,中山區,,,中山北路3段181號
1171,南投縣,南投市,,,彰南路二段61號
1172,臺北市,士林區,,,外雙溪至善路2段221號
1173,宜蘭縣,五結鄉,,,五濱路二段201號
1174,宜蘭縣,五結鄉,,,五濱路二段201號
1175,高雄市,苓雅區,,,001鄰五福一路67號
1176,臺中市,霧峰區,,,大同路8號
1177,臺南市,安平區,,,
1340,桃園市,龍潭區,,,金龍路120之1號
1341,桃園市,龍潭區,,,
1342,桃園市,龍潭區,,,中豐路上林段115巷
1343,桃園市,龍潭區,,,東龍路246號
1344,臺北市,信義區,,,光復南路133號
1345,桃園市,蘆竹區,,,吉林路34、36、38、40、42、44、46號，長春路3巷3號1.2樓、4號1.2樓、5號1.2樓，長春路5巷1號1樓
1346,彰化縣,員林市,,,員林大道2段99號
1347,彰化縣,員林市,,,員林大道2段99號
1348,彰化縣,員林市,,,員林大道2段99號
1349,彰化縣,彰化市,,,中山路2段500號
903,南投縣,名間鄉,,,彰南路42-2號三樓
904,臺中市,北區,,,
905,嘉義縣,太保市,,,故宮大道888號
906,嘉義縣,民雄鄉,,,民族路43之1號
907,嘉義縣,民雄鄉,,,民族路43之1號
908,嘉義縣,民雄鄉,,,民族路43之1號
909,嘉義縣,鹿草鄉,,,287號
910,嘉義縣,鹿草鄉,,,287號
911,嘉義縣,鹿草鄉,,,287號
912,嘉義縣,竹崎鄉,,,中正路96號
913,嘉義縣,竹崎鄉,,,中正路96號
914,嘉義縣,竹崎鄉,,,中正路96號
1026,臺北市,中山區,,,中山北路3段181號
1027,臺北市,中山區,,,中山北路3段181號
1028,臺北市,中山區,,,中山北路3段181號
1029,高雄市,苓雅區,,,001鄰五福一路67號
1030,臺北市,士林區,,,承德路5段55號
1031,台北市,八德路,,,三段25號
1032,臺中市,西屯區,,,惠來路二段101號
1178,,,,,
1179,台北市,八德路,,,三段25號
1180,屏東縣,鹽埔鄉,,,鹽南村建設街36號
1181,高雄市,前金區,,,七賢二路249號9樓
1182,臺北市,中山南,,,路21-1號，愛國東路側
1183,台北市,信義區,,,菸廠路88號B1
1184,屏東市,民生路,,,4-17號
1185,桃園市,觀音區,,,
1186,桃園市,桃園區,,,縣府路21號
1187,桃園市,桃園區,,,縣府路21號
1188,臺中市,龍井區,,,
1189,苗栗縣,竹南鎮,,,公園路206號
1190,臺北市,中正區,,,臺北市中山南路21-1號
1191,臺中市,北區,,,學士路98號
1192,臺北市,中正區,,,臺北市中山南路21-1號
1193,苗栗縣,竹南鎮,,,公園路206號
1194,臺東市,南京路,,,25號
1195,臺東市,南京路,,,25號
1196,臺東市,南京路,,,25號
1197,臺東市,南京路,,,25號
1198,高雄市,鳳山區,,,三多一路1號
1350,彰化縣,彰化市,,,中山路2段500號
1351,彰化縣,彰化市,,,中山路2段500號
1352,彰化縣,彰化市,,,中山路2段500號
1353,彰化縣,田中鎮,,,中新路229號
1354,彰化縣,田中鎮,,,中新路229號
1355,彰化縣,田中鎮,,,中新路229號
1356,彰化縣,田中鎮,,,中新路229號
1357,彰化縣,田中鎮,,,中新路229號
1358,彰化縣,田中鎮,,,中新路229號
1359,彰化縣,田中鎮,,,中新路229號
1360,彰化縣,田中鎮,,,中新路229號
915,彰化縣,埔心鄉,,,
916,臺南市,中西區,,,開山路152號
917,臺北市,承德路,,,三段131號4樓
918,高雄市,鹽埕區,,,019鄰中正四路272號
919,臺北市,大安區,,,
920,臺中市,北屯區,,,旅順路2段73號
1033,臺北市,士林區,,,文林路751號
1034,臺北市,士林區,,,文林路751號
1035,臺中市,西區,,,五權西路一段2號
1036,臺中市,西區,,,五權西路一段2號
1199,台北市,松高路,,,11號
1200,台北市,松高路,,,11號
1201,台北市,松高路,,,11號
1202,台北市,松高路,,,11號
1203,新北市,永和區,,,新生路218號5、6樓
1204,臺中市,東區,,,
1205,中央路,241,,,號6樓
1206,臺南市,中西區,,,南門路37號
1207,台北市,北投區,,,學園路1號
1208,台北市,南海路,,,47號
1209,高雄市,三民區,,,陽明路300號3樓
1361,臺中市,北區,,,精武路291之3號
1362,臺北市,士林區,,,文林路751號
1363,新竹縣,新埔鎮,,,九芎湖32號
1364,台北市,中山南,,,路21號，藍白建築1樓
1365,台北市,光復南,,,路133號
1366,新北市,永和區,,,新生路218號5、6樓
1367,新北市,中和區,,,圓通路121巷5號1樓
1368,新北市,中和區,,,南山路236號6樓
921,臺北市,中山區,,,
922,臺北市,敦化南,,,路一段159號3樓
923,臺南市,中西區,,,台南市中西區中正路1號
924,臺北市,中正區,,,八德路一段1號
925,臺南市,中西區,,,臺南市中西區忠義路二段 1 號
1037,臺中市,西區,,,五權西路一段2號
1038,臺中市,西區,,,五權西路一段2號
1039,臺北市,新生南,,,路三段56巷7號2樓
1040,臺南市,新市區,,,南科三路10號
1041,,,,,
1042,新竹市,東大路,,,二段17號
1043,台南市,永康區,,,環工路107號
1044,台中市,西區,,,民生路227號-英才校區
1045,臺東市,南京路,,,25號
1046,新竹市,東大路,,,二段17號
1047,台北市,信義區,,,菸廠路88號B1
1048,,,,,
1049,,,,,
1050,臺北市,延平南,,,路98號
1051,臺北市,延平南,,,路98號
1052,臺北市,中山南,,,路21-1號
1053,臺北市,中山南,,,路21-1號
1210,桃園市,桃園區,,,縣府路21號
1211,新北市,瑞芳區,,,
1212,臺北市,忠孝西,,,路1段50號17樓之14
1213,臺北市,忠孝西,,,路1段50號17樓之14
1214,臺北市,信義區,,,仁愛路四段505號
1215,高雄市,鳳山區,,,三多一路1號
1216,駁二藝,術特區,,,蓬萊區B9倉庫近高捷西子灣站出口二
1217,桃園市,中壢區,,,中美路16號
1218,臺北市,中山南,,,路21-1號，信義路側
1219,桃園市,新屋區,,,
1220,高雄市,左營區,,,2鄰啟文路12號
1221,桃園市,新屋區,,,
1222,桃園市,新屋區,,,
1223,桃園市,新屋區,,,
1224,桃園市,新屋區,,,
1225,桃園市,新屋區,,,
1411,新北市,鶯歌區,,,鳳鳴路160號
1412,臺北市,信義區,,,仁愛路4段505號
1413,新北市,淡水區,,,中正路1段6巷36號
1414,高雄市,苓雅區,,,五福一路67號
1415,嘉義市,忠孝路,,,275號
1416,桃園市,中壢區,,,正大街32號
1417,桃園市,中壢區,,,博愛路52號
1418,臺中市,西屯區,,,惠來路二段101號
1419,新北市,永和區,,,新生路218號5、6樓
1420,新北市,中和區,,,南山路236號6樓
926,新北市,鶯歌區,,,文化路200號
927,臺北市,內湖區,,,陽光街351號
928,,,,,
929,,,,,
930,桃園市,中壢區,,,中美路16號
931,苗栗縣,南庄鄉,,,
1054,臺南市,中西區,,,臺南市中西區南門路 37 號
1055,雲林縣,斗南鎮,,,福德街151號
1056,雲林縣,斗六市,,,
1057,高雄市,鳳山區,,,三多一路1號
1058,高雄市,鳳山區,,,三多一路1號
1059,高雄市,鳳山區,,,三多一路1號
1060,台北市,文山區,,,木柵路三段66巷8之1號
1061,桃園市,龜山區,,,復興一路8號3樓
1226,桃園市,平鎮區,,,環南路三段88號
1227,新北市,鶯歌區,,,文化路200號
1228,新北市,永和區,,,中山路一段236號7樓
1229,臺中市,北區,,,館前路1號
1230,臺中市,北區,,,館前路1號
1231,屏東縣,全區域,,,
1232,屏東縣,三地門,,,鄉
1369,新北市,永和區,,,新生路218號5、6樓
1370,新北市,中和區,,,南山路236號6樓
1371,新北市,中和區,,,南山路236號6樓
1372,新北市,中和區,,,南山路236號6樓
1373,新北市,中和區,,,南山路236號6樓
1374,新北市,中和區,,,南山路236號6樓
1375,新北市,中和區,,,南山路236號6樓
1376,新北市,中和區,,,南山路236號6樓
932,臺東縣,綠島鄉,,,將軍岩20號
933,,,,,
934,,,,,
935,臺中市,南屯區,,,
936,苗栗縣,頭屋鄉,,,
937,高雄市,林園區,,,沿海路二段250號
1062,臺北市,大安區,,,仁愛路三段55號
1063,臺北市,大安區,,,仁愛路三段55號
1064,臺南市,東區,,,林森路二段46號
1233,屏東縣,全區域,,,
1234,苗栗縣,苗栗市,,,水源里11鄰水流娘8-2號
1235,臺北市,士林區,,,文林路751號
1236,臺中市,西屯區,,,惠來路二段101號
1237,臺南市,仁德區,,,
1238,臺南市,仁德區,,,
1239,桃園市,觀音區,,,
1240,桃園市,龜山區,,,
1391,花蓮縣,花蓮市,,,建國路８號
1392,臺北市,大安區,,,新生南路三段56巷7號2樓
1393,臺北市,大安區,,,新生南路三段56巷7號2樓
938,高雄市,小港區,,,
939,高雄市,阿蓮區,,,
940,高雄市,內門區,,,12鄰內埔82號
941,高雄市,仁武區,,,
942,高雄市,田寮區,,,
943,高雄市,路竹區,,,
944,,,,,
945,台北市,信義區,,,菸廠路88號B1
946,台北市,信義區,,,菸廠路88號B1
947,台北市,信義區,,,菸廠路88號B1
948,臺中市,學士路,,,98號
949,高雄市,苓雅區,,,五福一路67號
950,臺東縣,臺東市,,,南京路25號
951,臺東縣,臺東市,,,南京路25號
952,臺東縣,臺東市,,,南京路25號
953,臺東縣,臺東市,,,南京路25號
1065,南投縣,南投市,,,建國路135號
1066,臺北市,木柵路,,,三段66巷8之1號
1067,臺北市,中正區,,,同安街107號 新館3F
1068,臺中市,大里區,,,勝利二路1號
1069,,,,,
1070,,,,,
1071,,,,,
1072,高雄市,鳳山區,,,三多一路1號
1073,新北市,汐止區,,,大同路一段128號 二樓宴會廳
1074,臺北市,士林區,,,文林路751號
1075,高雄市,六龜區,,,2鄰光復路70號
1076,臺中市,龍井區,,,
1241,花蓮縣,秀林鄉,,,台八線路旁(188K處附近)
1242,苗栗縣,苗栗市,,,自治路50號
1243,臺中市,西屯區,,,惠來路二段101號
1244,臺中市,西屯區,,,惠來路二段101號
1245,臺中市,西屯區,,,惠來路二段101號
1246,臺北市,中山南,,,路21-1號，愛國東路側
1247,台北市,南海路,,,47號
1248,臺南市,龍崎區,,,新市子38號
1249,臺北市,士林區,,,外雙溪至善路2段221號
1250,臺北市,士林區,,,外雙溪至善路2段221號
1251,臺北市,士林區,,,外雙溪至善路2段221號
1252,南投縣,魚池鄉,,,中山路
1253,臺南市,中西區,,,臺南市中西區南門路 37 號
1421,臺北市,松山區,,,南京東路四段2號
1422,臺北市,仁愛路,,,4段505號
1423,台北市,士林區,,,臨溪路70號 (第二教研大樓)
1424,嘉義市,忠孝路,,,275號
1425,新北市,板橋區,,,貴興路139號
1426,彰化縣,彰化市,,,中山路三段266-1號
954,臺東縣,海端鄉,,,山平2鄰56號
955,臺東縣,海端鄉,,,山平2鄰56號
956,臺東縣,海端鄉,,,山平2鄰56號
957,臺東縣,臺東市,,,鐵花路369號
958,臺東縣,臺東市,,,鐵花路369號
959,臺東縣,臺東市,,,鐵花路369號
960,臺東縣,臺東市,,,鐵花路369號
1077,臺中市,西屯區,,,惠來路二段101號
1078,,,,,
1079,台北市,羅斯福,,,路四段92號10樓
1080,臺中市,龍井區,,,
1081,南投縣,草屯鎮,,,中正路573號
1082,南投縣,草屯鎮,,,中正路573號
1254,臺南市,全區域,,,
1255,臺北市,中山南,,,路21-1號
1256,台北市,中山南,,,路21號，藍白建築1樓
1257,台北市,中山北,,,路二段113號3樓
1258,臺中市,學士路,,,98號
1259,高雄市,鳳山區,,,三多一路1號
1260,臺北市,中山南,,,路21-1號，信義路側
1261,臺中市,霧峰區,,,中正路738之2號
1262,臺中市,霧峰區,,,中正路738之2號
1263,臺東縣,海端鄉,,,山平2鄰56號
1264,臺東縣,海端鄉,,,山平2鄰56號
1265,臺東縣,臺東市,,,中華路1段684號
1377,桃園市,平鎮區,,,環南路三段88號
1378,桃園市,龍潭區,,,中興路680號
1379,桃園市,八德區,,,重慶街53巷2號
1380,桃園市,新屋區,,,中興路91巷11號
1381,桃園市,蘆竹區,,,山外路117號2樓
1382,桃園市,桃園區,,,縣府路21號
1383,桃園市,桃園區,,,縣府路21號
961,臺東縣,臺東市,,,
962,臺東縣,臺東市,,,
963,臺東縣,臺東市,,,
964,臺東縣,成功鎮,,,新村路25號
965,臺東縣,成功鎮,,,新村路25號
1083,南投縣,草屯鎮,,,中正路573號
1084,南投縣,埔里鎮,,,
1085,臺中市,大雅區,,,
1086,臺中市,石岡區,,,
1087,臺中市,北區,,,
1088,臺中市,潭子區,,,
1089,臺中市,大里區,,,
1090,臺中市,清水區,,,
1091,苗栗縣,竹南鎮,,,公園路206號
1092,,,,,
1093,,,,,
1094,,,,,
1266,高雄市,高雄市,,,三民區九如一路720號
1267,南投縣,草屯鎮,,,中正路573號
1268,臺北市,信義區,,,仁愛路4段505號
1269,臺北市,信義區,,,仁愛路4段505號
1394,高雄市,新興區,,,中正二路214號
1395,高雄市,新興區,,,中正二路214號
1396,臺北市,大安區,,,新生南路三段56巷7號2樓
1397,苗栗縣,竹南鎮,,,公園路206號
1398,苗栗縣,竹南鎮,,,公園路206號
966,臺東縣,成功鎮,,,新村路25號
967,新北市,新莊區,,,
968,新北市,蘆洲區,,,民族路7號
969,臺北市,北投區,,,中山路3-1號
970,臺東縣,臺東市,,,南京路25號
971,臺東縣,臺東市,,,南京路25號
972,臺東縣,臺東市,,,南京路25號
973,臺東縣,臺東市,,,南京路25號
974,臺東縣,臺東市,,,南京路25號
975,臺東縣,臺東市,,,
1095,桃園市,桃園區,,,三民路一段100號
1096,臺南市,北區,,,
1097,臺南市,北區,,,
1098,南投縣,南投市,,,中正路2號
1099,臺南市,北區,,,
1100,屏東縣,屏東市,,,公園路28號
1101,新北市,新莊區,,,中平路493號
1102,台北市,羅斯福,,,路四段92號10樓
1103,新北市,樹林區,,,樹新路40-8號.
1104,南投縣,竹山鎮,,,公所路120號
1270,臺南市,東區,,,崇德十街２號１樓
1271,臺北市,中山南,,,路21-1號，信義路側
1272,民雄鄉,建國路,,,2段265號
1273,高雄市,鳳山區,,,三多一路1號
1274,台北市,北投區,,,立農街二段155號
1275,桃園市,八德區,,,
1276,臺北市,士林區,,,外雙溪至善路2段221號
1277,桃園市,大溪區,,,
1427,臺北市,松山區,,,敦化北路207號11樓
1428,臺北市,大同區,,,103長安西路39號
1429,臺中市,西區,,,公益路155巷9號B1
1430,tif,unc,,,tion Classroom (Peinan Site Park)
1431,,,,,
1432,臺北市,延平南,,,路98號
1433,臺北市,延平南,,,路98號
976,臺東縣,臺東市,,,
977,臺東縣,臺東市,,,
978,臺東縣,臺東市,,,鐵花路369號
979,臺東縣,臺東市,,,南京路25號
980,臺東縣,臺東市,,,南京路25號
981,臺東縣,臺東市,,,南京路25號
982,臺東縣,關山鎮,,,中正路27號
983,臺東縣,關山鎮,,,中正路27號
1105,苗栗縣,三義鄉,,,廣聲新城88號
1106,苗栗縣,泰安鄉,,,
1107,苗栗縣,泰安鄉,,,
1108,臺南市,中西區,,,臺南市中西區南門路 37 號
1109,臺南市,中西區,,,臺南市中西區南門路 37 號
1110,臺南市,中西區,,,臺南市中西區忠義路二段 1 號
1111,臺南市,中西區,,,臺南市中西區忠義路二段 1 號
1112,臺北市,中正區,,,中山南路21號
1113,臺北市,中正區,,,中山南路21號
1114,臺北市,中正區,,,中山南路21號
1115,臺北市,中正區,,,中山南路21號
1116,臺北市,中正區,,,中山南路21號
1117,臺北市,中正區,,,中山南路21號
1278,新北市,永和區,,,中山路一段236號7樓
1279,臺北市,內湖區,,,
1280,桃園市,大溪區,,,
1281,臺中市,清水區,,,鰲海路59號
1282,臺中市,霧峰區,,,
1283,臺中市,潭子區,,,
1284,臺中市,神岡區,,,
1285,臺中市,神岡區,,,
1286,臺中市,西屯區,,,
1384,新北市,瑞芳區,,,金光路8號
1385,彰化縣,員林市,,,員林大道2段99號
1386,桃園市,大園區,,,
1387,南投縣,集集鎮,,,育才街166號
1388,桃園市,桃園區,,,
1389,苗栗縣,頭屋鄉,,,
1390,花蓮縣,花蓮市,,,建國路８號
984,臺東縣,關山鎮,,,中正路27號
985,臺東縣,成功鎮,,,基翬路74號
986,臺東縣,成功鎮,,,基翬路74號
987,臺東縣,成功鎮,,,基翬路74號
988,臺東縣,臺東市,,,南京路25號
989,臺東縣,臺東市,,,南京路25號
990,臺東縣,臺東市,,,南京路25號
991,桃園市,楊梅區,,,
992,桃園市,楊梅區,,,
993,新北市,林口區,,,忠孝二路55號4、5樓
1118,臺北市,中正區,,,中山南路21號
1119,臺北市,中正區,,,中山南路21號
1120,臺北市,中正區,,,中山南路21號
1121,臺北市,中正區,,,中山南路21號
1122,臺北市,中正區,,,中山南路21號
1123,臺北市,中正區,,,中山南路21號
1124,臺北市,中正區,,,中山南路21號
1125,臺北市,中正區,,,中山南路21號
1126,臺北市,中正區,,,中山南路21號
1127,台南市,仁德區,,,文華路二段66號
1128,高雄市,鳳山區,,,三多一路1號
1129,台南市,仁德區,,,文華路二段66號
1130,,,,,
1131,桃園市,桃園區,,,縣府路21號
1132,高雄市,岡山區,,,公園路2-1號
1133,新北市,中和區,,,南山路236號6樓
1287,臺中市,北區,,,公園路37-1號
1288,臺中市,西區,,,林森路33號
1289,臺中市,西區,,,民權路97號
1290,臺中市,后里區,,,
1291,桃園市,大溪區,,,
1292,高雄市,前鎮區,,,21鄰新光路61號
1293,高雄市,小港區,,,006鄰南星路2808號
1294,臺北市,忠孝西,,,路1段50號17樓之14
1295,臺南市,新市區,,,民族路192號
1296,臺南市,新市區,,,民族路192號
1297,臺南市,新市區,,,民族路192號
1298,臺南市,新市區,,,民族路192號
1399,臺中市,西屯區,,,惠來路二段101號
1400,臺中市,西屯區,,,惠來路二段101號
1401,高雄市,鳳山區,,,三多一路1號
1402,台北市,大同區,,,歸綏街97巷4號B1
1403,臺中市,西屯區,,,惠來路二段101號
1404,臺中市,西屯區,,,惠來路二段101號
1405,臺中市,西屯區,,,惠來路二段101號
1406,臺北市,中山南,,,路21-1號
1407,臺北市,信義區,,,市府路1號2樓
1408,臺北市,大安區,,,延吉街246巷10號5樓
1409,臺北市,中正區,,,忠孝西路1段114號2樓
1410,宜蘭縣,宜蘭市,,,中山路二段482號
994,新北市,樹林區,,,
995,臺北市,北投區,,,中山路3之1號
996,臺北市,中正區,,,中山南路21號
997,苗栗縣,苗栗市,,,11鄰水流娘8-2號
998,,,,,
999,高雄市,岡山區,,,岡山南路42號
1000,臺南市,中西區,,,
1134,臺中市,大里區,,,勝利二路1號
1135,高雄市,三民區,,,2鄰十全一路220號
1136,高雄市,鳳山區,,,017鄰光遠路161號
1137,臺中市,西屯區,,,
1138,臺中市,清水區,,,
1139,臺中市,清水區,,,
1299,高雄市,鼓山區,,,延平街87-13號
1300,臺北市,士林區,,,文林路751號
1301,臺北市,士林區,,,文林路751號
1302,臺北市,士林區,,,文林路751號
869,臺北市,信義區,,,松高路11號
870,臺北市,大安區,,,市民大道三段178號
871,臺南市,東區,,,青年路360-25號
872,新北市,鶯歌區,,,鳳鳴路160號
873,台北市,信義區,,,菸廠路88號B1
1001,臺北市,中山南,,,路20號
1002,,,,,
1003,,,,,
1140,臺中市,霧峰區,,,中正路738之2號
1141,臺北市,中山區,,,10461中山北路三段181號
1142,新北市,淡水區,,,中正路1段6巷36號
1143,雲林縣,崙背鄉,,,民生路28之8號
1144,臺北市,信義區,,,松隆路327號10樓之一
1145,臺南市,南區,,,喜樹路179號
1303,臺北市,全區域,,,
1304,臺北市,士林區,,,文林路751號
1305,臺南市,佳里區,,,六安130號
1306,臺南市,佳里區,,,六安130號
1307,臺南市,佳里區,,,六安130號
1308,臺南市,安平區,,,安北路194號
1309,臺中市,豐原區,,,圓環東路782號
1310,臺中市,豐原區,,,圓環東路782號
874,臺南市,佳里區,,,六安130號
875,臺東縣,成功鎮,,,民富路43號
876,臺北市,信義區,,,仁愛路4段505號地下一樓
877,臺北市,信義區,,,仁愛路4段505號地下一樓
878,臺北市,信義區,,,仁愛路4段505號地下一樓
879,桃園市,中壢區,,,龍吉二街155號
880,台北市,中山南,,,路21-1號
881,高雄市,前鎮區,,,新光路61號
882,臺南市,東區,,,中華東路3段332號
883,臺中市,大里區,,,勝利二路1號
884,臺中市,西屯區,,,惠來路二段101號
885,桃園市,桃園區,,,中正路1188號
886,新竹市,東大路,,,二段17號
1004,,,,,
1005,,,,,
1006,台南市,永康區,,,環工路107號
1007,高雄市,左營區,,,2鄰啟文路12號
1008,高雄市,三民區,,,002鄰大順二路468號
1146,南投縣,仁愛鄉,,,
1147,花蓮縣,新城鄉,,,
1148,臺中市,豐原區,,,圓環東路782號
1149,南投縣,集集鎮,,,育才街147號
1150,南投縣,草屯鎮,,,敦和路74號
1151,南投縣,鹿谷鄉,,,
1152,南投縣,魚池鄉,,,中山路
1311,臺中市,豐原區,,,圓環東路782號
1312,臺中市,豐原區,,,圓環東路782號
1313,臺中市,豐原區,,,圓環東路782號
1314,臺中市,豐原區,,,圓環東路782號
1315,臺中市,豐原區,,,圓環東路782號
1316,臺中市,豐原區,,,圓環東路782號
1317,臺中市,豐原區,,,圓環東路782號
1318,澎湖縣,馬公市,,,中華路230號
887,臺南市,麻豆區,,,
888,屏東縣,來義鄉,,,南和路289號
889,,,,,
890,新竹縣,竹北市,,,文興路一段123號
891,嘉義縣,朴子市,,,山通路七號
892,嘉義縣,朴子市,,,山通路七號
893,嘉義縣,朴子市,,,山通路七號
1009,臺中市,北區,,,
1010,,,,,
1011,,,,,
1012,,,,,
1013,,,,,
1014,,,,,
1153,南投縣,中寮鄉,,,
1154,南投縣,南投市,,,
1155,南投縣,國姓鄉,,,
1156,南投縣,埔里鎮,,,中華路239號
1157,高雄市,文化中,,,心
1158,,,,,
1159,台北市,羅斯福,,,路四段92號10樓
1160,桃園市,中壢區,,,中美路16號
1161,臺北市,延平南,,,路98號2樓
1162,高雄市,苓雅區,,,五福一路67號
1163,高雄市,鳳山區,,,三多一路1號
1164,臺北市,中山南,,,路21-1號
1165,臺北市,景文街,,,32號，捷運景美站1號出口
1166,臺北市,景文街,,,32號，捷運景美站1號出口
1167,新竹市,東大路,,,二段17號
1168,台北市,南海路,,,47號
1169,高雄市,鳳山區,,,三多一路1號
1170,南投縣,南投市,,,彰南路二段61號
1319,臺中市,南區,,,五權南路100號
1320,,,,,
1321,基隆市,中山區,,,和平里中山三路103巷82-2號
1322,臺北市,延平南,,,路98號
1323,臺北市,延平南,,,路98號
1324,臺北市,延平南,,,路98號
1325,桃園市,桃園區,,,縣府路21號
1326,桃園市,大溪區,,,
1327,南投縣,水里鄉,,,
1328,南投縣,竹山鎮,,,建國路742號
1329,南投縣,竹山鎮,,,公所路120號
2888,新北市,蘆洲區,,,民權路143號
2889,新北市,蘆洲區,,,長安街96號3樓
2890,新北市,蘆洲區,,,長安街96號3樓
2891,新北市,蘆洲區,,,長安街96號3樓
2892,新北市,石碇區,,,碇坪路一段65號
2524,臺中市,太平區,,,
2525,臺中市,后里區,,,文化路28號
2526,臺中市,后里區,,,文化路28號
2527,臺中市,梧棲區,,,民生街15之77號
2528,臺中市,西區,,,精誠路256號
2641,臺北市,大同區,,,
2642,臺北市,和平東,,,路一段180號7樓
2643,臺北市,100,,,台灣台北市中正區金門街11-1號
2760,新北市,金山區,,,龜子山8號
2761,新北市,金山區,,,龜子山8號
2762,新北市,石門區,,,中央路9之3號2樓
2763,新北市,石門區,,,中央路9之3號2樓
2764,新北市,石門區,,,中央路9之3號2樓
2765,新北市,三芝區,,,淡金路1段37號
2766,新北市,三芝區,,,淡金路1段37號
2893,臺北市,大同區,,,民族西路141號
2894,新北市,板橋區,,,
2895,臺北市,中正區,,,八德路一段1號
2896,臺北市,中正區,,,八德路一段1號
2897,新北市,板橋區,,,陽明街166號
2898,新北市,板橋區,,,陽明街166號
2899,新北市,板橋區,,,陽明街166號
2529,臺中市,梧棲區,,,民生街15之77號
2530,臺中市,西區,,,精誠路256號
2531,新北市,中和區,,,中和路390號2樓
2532,臺中市,中區,,,成功路300號7樓
2533,新北市,板橋區,,,民生路一段30號
2534,新北市,板橋區,,,民生路一段30號
2535,金門縣,金城鎮,,,
2536,新北市,中和區,,,民享街37號2樓
2644,臺北市,108,,,台灣台北市萬華區康定路173巷5號
2645,,,,,
2646,臺北市,中正區,,,中山南路21號
2647,中正區,襄陽路,,,2號(二二八公園內)
2648,中正區,襄陽路,,,25號(臺博館斜對面)
2649,臺東縣,臺東市,,,博物館路1號
2767,新北市,三芝區,,,淡金路1段37號
2768,新北市,三芝區,,,淡金路1段37號
2769,新北市,三峽區,,,永安街9巷5號2樓
2770,新北市,新莊區,,,四維路9號3-5樓
2771,新北市,新莊區,,,中港路350號4-8樓
2772,新北市,板橋區,,,貴興路139號
2773,新北市,板橋區,,,貴興路139號
2900,新北市,板橋區,,,陽明街166號
2901,新北市,板橋區,,,陽明街166號
2902,新北市,板橋區,,,陽明街166號
2903,新北市,板橋區,,,陽明街166號
2904,新北市,板橋區,,,中正路375巷48號3樓
2905,新北市,板橋區,,,文化路一段23號3樓
2906,新北市,板橋區,,,文化路一段23號3樓
2907,新北市,板橋區,,,文化路一段23號3樓
2908,新北市,板橋區,,,文化路一段23號3樓
2909,新北市,板橋區,,,文化路一段23號3樓
2537,新北市,中和區,,,民享街37號2樓
2538,新北市,中和區,,,民享街37號2樓
2539,新北市,中和區,,,民享街37號2樓
2540,新北市,中和區,,,民享街37號2樓
2541,臺北市,中正區,,,漢口街一段82號2樓
2650,臺北市,北投區,,,學園路一號
2651,新竹市,54東,,,大路二段17號
2652,新竹市,54東,,,大路二段17號
2653,新竹市,54東,,,大路二段17號
2654,,,,,
2655,,,,,
2656,臺中市,西屯區,,,惠來路二段101號
2657,台南市,中西區,,,永華一街59號
2658,新竹市,大學路,,,1001號
2659,高雄市,鳳山區,,,三多一路1號
2774,新北市,板橋區,,,貴興路139號
2775,新北市,板橋區,,,貴興路139號
2776,新北市,蘆洲區,,,永平街1號3樓
2777,高雄市,鼓山區,,,6鄰美術館路80號
2778,新北市,石碇區,,,碇坪路一段65號
2779,臺中市,清水區,,,忠貞路21號
2780,臺中市,清水區,,,忠貞路21號
2910,新北市,板橋區,,,文化路一段23號3樓
2911,臺北市,中正區,,,八德路一段1號
2912,臺北市,中正區,,,八德路一段1號
2913,臺中市,西屯區,,,惠來路二段101號
2914,臺中市,西屯區,,,惠來路二段101號
2542,臺北市,羅斯福,,,路四段一號
2543,臺北市,中正區,,,南海路41號3F
2544,臺北市,大同區,,,濟南路二段27號 悅讀館
2545,臺北市,士林區,,,文林路751號
2546,臺北市,信義區,,,仁愛路四段505號
2660,臺中市,西屯區,,,惠來路二段101號
2661,金門縣,金城鎮,,,環島北路一段66號
2662,臺北市,迪化街,,,一段21號8樓
2663,臺北市,迪化街,,,一段21號8樓
2664,臺北市,迪化街,,,一段21號9樓
2665,新竹市,大學路,,,1001號
2666,高雄市,鹽埕區,,,河西路99號
2667,高雄市,鳳山區,,,三多一路1號
2668,高雄市,楠梓區,,,德惠路55號3樓
2669,高雄市,美濃區,,,6鄰中正路一段59號
2670,高雄市,大社區,,,7鄰自強街11號
2671,新竹市,東區,,,光復路二段101號
2672,新北市,八里區,,,博物館路200號
2673,臺南市,東區,,,中華東路三段332號
2674,高雄市,楠梓區,,,德惠路55號3樓
2781,臺中市,清水區,,,忠貞路21號
2782,桃園市,大園區,,,高鐵北路二段140號7樓
2783,臺北市,大安區,,,和平東路一段180號7樓
2784,屏東縣,屏東市,,,民生路4-17號
3002,臺中市,北區,,,
3003,臺中市,豐原區,,,圓環東路782號
3004,臺中市,豐原區,,,圓環東路782號
3005,臺中市,清水區,,,忠貞路21號
3006,臺中市,豐原區,,,圓環東路782號
3007,臺中市,全區域,,,
3008,臺中市,北屯區,,,興安路一段162號
3009,臺南市,安南區,,,安中路二段 301號3樓
3010,臺南市,安南區,,,安中路二段 301號3樓
3011,臺南市,安南區,,,城安路85號
2547,臺中市,西區,,,五權西路一段2號
2548,臺中市,西區,,,五權西路一段2號
2675,高雄市,三民區,,,陽明路300號3樓
2676,高雄市,彌陀區,,,2鄰中正路281巷50號
2677,高雄市,茄萣區,,,24鄰濱海路四段31巷1號
2678,高雄市,三民區,,,4鄰裕誠路1號
2679,高雄市,鹽埕區,,,8鄰大勇路1號
2680,高雄市,苓雅區,,,8鄰青年二路101號4-5樓
2681,高雄市,苓雅區,,,8鄰青年二路101號4-5樓
2682,高雄市,永安區,,,005鄰永華路49號
2785,屏東縣,屏東市,,,
2786,臺南市,新營區,,,中正路23號
2787,新北市,雙溪區,,,太平路50號3樓
2788,臺南市,新營區,,,大同路39號
2789,新北市,雙溪區,,,太平路50號3樓
2790,臺中市,西屯區,,,灣大道四段1727號
2924,臺北市,信義區,,,仁愛路4段505號
2925,臺北市,信義區,,,仁愛路4段505號
2926,臺北市,信義區,,,仁愛路4段505號
2927,臺南市,東區,,,中華東路3段332號
2928,台北市,信義區,,,菸廠路88號B1
2929,新北市,樹林區,,,樹新路40-8號
2930,高雄市,鳳山區,,,光遠路161號
2931,台北市,信義區,,,菸廠路88號B1
2932,高雄市,鹽埕區,,,大勇路1號 駁二大勇區P3倉庫
2933,高雄市,鹽埕區,,,大義街駁二大義區C9倉庫
2934,高雄市,鹽埕區,,,大義街駁二大義區C9倉庫
2935,高雄市,鹽埕區,,,大義街駁二大義區C9倉庫
2936,高雄市,鹽埕區,,,大勇路1號 駁二大勇區P3倉庫
2937,高雄市,鹽埕區,,,大勇路1號 駁二大勇區P3倉庫
2938,依影片,放映場,,,地
2939,高雄市,鹽埕區,,,河西路10號
2940,高雄市,鹽埕區,,,河西路10號
2941,高雄市,鹽埕區,,,河西路10號
2942,高雄市,前鎮區,,,忠勤路8號
2943,高雄市,前鎮區,,,新光路61號
2944,高雄市,鹽埕區,,,河西路10號
2945,高雄市,前鎮區,,,新光路61號
2946,高雄市,前鎮區,,,忠勤路8號
2947,高雄市,前鎮區,,,忠勤路8號
2549,臺北市,萬華區,,,昆明街142號2樓
2550,新北市,樹林區,,,樹新路40-8號
2551,臺中市,學士路,,,98號
2552,新北市,蘆洲區,,,中山二路162號2樓
2553,苗栗縣,竹南鎮,,,公園路206號
2554,宜蘭市,中山路,,,二段482號
2555,台南市,中華東,,,路3段332號
2556,駁二藝,術特區,,,蓬萊區B9倉庫近高捷西子灣站出口二
2557,民雄鄉,建國路,,,2段265號
2558,臺北市,中山南,,,路21-1號，信義路側
2559,新竹縣,竹北市,,,嘉豐南路一段122號
2560,臺南市,新化區,,,中山路132號
2561,臺南市,楠西區,,,中正路309號
2562,高雄市,新興區,,,1鄰中正三路34號3樓
2563,桃園市,楊梅區,,,
2564,桃園市,楊梅區,,,光華街26號
2683,新北市,金山區,,,龜子山8號
2684,新北市,石門區,,,中央路9之3號2樓
2685,新北市,石門區,,,中央路9之3號2樓
2686,新北市,三芝區,,,淡金路1段37號
2687,新北市,新莊區,,,中港路350號4-8樓
2688,新北市,新莊區,,,中華路一段2號5-6樓
2689,新北市,新莊區,,,自由路1號3-5樓
2791,臺南市,佳里區,,,六安130號
2792,臺中市,西區,,,
2793,臺中市,南區,,,興路三段362號
2794,臺北市,信義區,,,光復南路133號
2795,臺北市,信義區,,,光復南路133號
2796,臺北市,信義區,,,市府路1號
2797,臺北市,信義區,,,光復南路133號
2798,臺北市,信義區,,,
2974,桃園市,龜山區,,,復興一路8號3樓
2975,臺南市,關廟區,,,文化街1號
2976,高雄市,前鎮區,,,保泰路303號4樓
2977,臺南市,麻豆區,,,興國路11號3&4F
2978,臺南市,北門區,,,港北49號
2979,高雄市,鼓山區,,,4鄰鼓山三路19-3號
2980,桃園市,龜山區,,,
2981,臺南市,東區,,,中華東路三段332號
2982,臺南市,東區,,,中華東路三段332號
2565,臺南市,北門區,,,港北49號
2566,臺南市,下營區,,,文化街117號
2567,臺中市,南屯區,,,
2568,臺中市,大肚區,,,
2569,高雄市,苓雅區,,,001鄰五福一路67號
2570,高雄市,苓雅區,,,001鄰五福一路67號
2571,高雄市,三民區,,,002鄰大順二路468號
2572,臺中市,新社區,,,
2573,臺中市,潭子區,,,得天街33號
2574,高雄市,杉林區,,,
2690,新北市,新莊區,,,四維路9號3-5樓
2691,新北市,新莊區,,,裕民街136號4-5樓
2692,新北市,新莊區,,,西盛街216號
2693,臺南市,中西區,,,
2694,臺北市,信義區,,,仁愛路四段505號
2799,臺北市,北投區,,,臺北市北投區中山路6號
2800,雲林縣,虎尾鎮,,,林森路一段528號
2801,雲林縣,斗六市,,,大學路三段310號
2802,雲林縣,斗六市,,,大學路三段310號
2803,雲林縣,斗六市,,,大學路三段310號
2804,南和村,289,,,號
2805,臺中市,西屯區,,,惠來路二段101號
2806,臺中市,西屯區,,,惠來路二段101號
2807,台北市,中山南,,,路21號，藍白建築1樓
2808,新北市,板橋區,,,府中路15號B1
2809,高雄市,鳳山區,,,光遠路161號
2915,臺北市,77 ,,,O.M.G.Space 3F
2916,新竹市,工業東,,,二路1號3樓
2917,台北市,松山區,,,南京東路四段2號
2918,新竹縣,竹北市,,,縣政九路146號
2575,高雄市,林園區,,,林園北路236號
2576,高雄市,旗津區,,,中洲三路528號
2577,臺中市,石岡區,,,
2578,臺中市,西區,,,樂群街38號
2579,高雄市,鼓山區,,,6鄰美術館路80號
2580,新北市,中和區,,,民享街37號2樓
2581,新北市,中和區,,,民享街37號2樓
2695,臺北市,信義區,,,仁愛路四段505號
2696,新北市,新莊區,,,西盛街216號
2697,新北市,新莊區,,,裕民街136號4-5樓
2698,臺中市,南區,,,五權南路335號
2699,臺中市,南區,,,五權南路335號
2700,臺北市,中正區,,,中山南路21號
2810,桃園市,楊梅區,,,校前路41號2-3樓
2811,桃園市,楊梅區,,,中華街66巷45號
2812,桃園市,楊梅區,,,中興路145號
2813,桃園市,楊梅區,,,光華街26號
2814,桃園市,楊梅區,,,中興路145號
2815,桃園市,楊梅區,,,中華街66巷45號
2816,桃園市,楊梅區,,,校前路41號2-3樓
2817,南投縣,南投市,,,中正路2號
2818,南投縣,南投市,,,中正路2號
2819,南投縣,集集鎮,,,
2820,南投縣,集集鎮,,,
2821,南投縣,集集鎮,,,民生路65號
2822,南投縣,南投市,,,中興新村光華路 123 號
2948,高雄市,前鎮區,,,新光路61號
2949,高雄市,前鎮區,,,忠勤路8號
2950,高雄市,前鎮區,,,新光路61號
2951,高雄市,前鎮區,,,新光路61號
2952,高雄市,鹽埕區,,,河西路10號
2953,高雄市,鹽埕區,,,河西路10號
2954,高雄市,左營區,,,2鄰啟文路12號
2955,高雄市,三民區,,,2鄰十全一路220號
2956,臺南市,新市區,,,民族路192號
2957,臺南市,新市區,,,民族路192號
2958,高雄市,鹽埕區,,,1鄰大仁路179號5樓、6樓
2959,高雄市,苓雅區,,,001鄰五福一路67號
2960,臺南市,東區,,,裕信路237號
2961,臺南市,東區,,,裕信路237號
2582,臺北市,萬華區,,,康定路、昆明街之間的廣州街北側，老松國小的南側
2583,新北市,中和區,,,民享街37號2樓
2584,新北市,中和區,,,民享街37號2樓
2585,臺北市,松山區,,,
2586,臺北市,文山區,,,
2587,南投縣,南投市,,,光榮北路1號
2588,臺北市,信義區,,,仁愛路四段505號
2701,臺北市,全區域,,,
2702,臺中市,南區,,,五權南路335號
2703,臺中市,豐原區,,,市政路2號
2704,臺中市,豐原區,,,市政路2號
2705,新北市,板橋區,,,貴興路139號
2706,臺中市,豐原區,,,市政路2號
2707,臺中市,豐原區,,,市政路2號
2823,南投縣,南投市,,,中興新村光華路 123 號
2824,南投縣,南投市,,,中興新村光華路 123 號
2825,臺北市,中正區,,,仁愛路一段17號
2826,臺北市,台北市,,,中山區民權東路三段1號
2827,新北市,鶯歌區,,,陶瓷街18號3樓
2828,新竹縣,竹北市,,,縣政九路146號
2983,臺南市,中西區,,,中華西路二段34號
2984,高雄市,小港區,,,博學路365號
2985,新北市,新莊區,,,西盛街216號
2986,新北市,新莊區,,,建中街116巷3弄2號
2987,新北市,新莊區,,,建中街116巷3弄2號
2988,新北市,新莊區,,,新莊路527號
2989,新北市,新莊區,,,中信街74號
2990,新北市,新莊區,,,中信街74號
2991,新北市,新莊區,,,四維路186巷2號
2992,新北市,新莊區,,,建安街26巷4號
2589,澎湖縣,馬公市,,,六合路300號
2590,南投縣,南投市,,,光榮北路1號
2591,南投縣,南投市,,,光榮北路1號
2592,南投縣,南投市,,,光榮北路1號
2593,臺北市,信義區,,,仁愛路四段505號
2594,臺北市,信義區,,,仁愛路四段505號
2595,南投縣,南投市,,,光榮北路1號
2596,臺中市,清水區,,,忠貞路21號
2597,南投縣,南投市,,,中學路1號
2708,臺中市,豐原區,,,市政路2號
2709,臺中市,豐原區,,,市政路2號
2710,臺中市,豐原區,,,市政路2號
2711,臺中市,豐原區,,,臺中市豐原區水源路17巷2號
2712,臺中市,豐原區,,,臺中市豐原區水源路17巷2號
2713,臺南市,中西區,,,南門路與樹林街交叉路口
2714,臺中市,中區,,,成功路300號7樓
2715,臺中市,中區,,,成功路300號7樓
2716,臺中市,中區,,,成功路300號7樓
2717,高雄市,三民區,,,陽明路300號3樓
2829,臺東縣,臺東市,,,台東市大同路254號
2830,南投縣,草屯鎮,,,中正路573號
2831,宜蘭縣,五結鄉,,,五濱路二段201號
2832,臺北市,信義區,,,仁愛路4段505號
2833,臺北市,中山南,,,路21-1號
2834,臺北市,中山南,,,路21-1號
2835,臺北市,中山南,,,路21-1號，信義路側
2836,臺北市,中山南,,,路21-1號
2837,竹北市,縣政九,,,路146號
2838,桃園市,桃園區,,,縣府路21號
2839,桃園市,中壢區,,,中和路39號
2840,高雄市,三民區,,,九如一路720號
2919,臺中市,霧峰區,,,台中市霧峰區中正路738之2號
2920,,,,,
2921,ibi,tio,,,n Hall (Peinan Site Park)
2922,臺南市,中西區,,,台南市中西區中正路1號
2923,臺北市,信義區,,,仁愛路4段505號
2598,臺中市,清水區,,,忠貞路21號
2599,雲林縣,斗六市,,,大學路三段310號
2600,南投縣,草屯鎮,,,中正路573號
2601,臺中市,中區,,,
2602,臺北市,中山區,,,
2603,新北市,萬里區,,,瑪鍊路２２１號４樓
2604,新北市,金山區,,,龜子山8號
2605,苗栗縣,卓蘭鎮,,,中山路125-1號
2718,臺南市,白河區,,,
2719,臺南市,白河區,,,
2720,臺南市,白河區,,,
2721,臺北市,士林區,,,雨農路17-2號1樓
2722,臺南市,白河區,,,
2723,臺南市,白河區,,,
2724,臺中市,清水區,,,忠貞路21號
2841,臺北市,延平南,,,路98號
2842,臺北市,中山南,,,路21-1號
2843,台北市,信義區,,,菸廠路88號B1
2844,臺中市,清水區,,,忠貞路21號
2845,臺中市,西屯區,,,惠來路二段101號
2846,臺北市,中山南,,,路21-1號，信義路側
2847,高雄市,前鎮區,,,新光路61號
2848,基隆市,中正區,,,北寧路369巷61號
2849,桃園市,中壢區,,,中美路76號
2850,桃園市,中壢區,,,光華三街10號2、3樓
2851,桃園市,中壢區,,,台貿一街100號
2962,高雄市,苓雅區,,,001鄰五福一路67號
2963,高雄市,苓雅區,,,001鄰五福一路67號
2964,臺南市,安南區,,,安吉路一段205、207號
2965,桃園市,龍潭區,,,中正路210號
2966,桃園市,龍潭區,,,中正路210號
2967,桃園市,龍潭區,,,中正路210號
2968,桃園市,龍潭區,,,中正路210號
2969,桃園市,中壢區,,,環北路380號
2970,桃園市,龜山區,,,
2971,桃園市,中壢區,,,馬祖新村11~20號
2972,桃園市,龜山區,,,復興一路8號3樓
2973,桃園市,龜山區,,,復興一路8號3樓
2606,苗栗縣,竹南鎮,,,公園路206號
2607,臺中市,西屯區,,,文華路100號
2608,臺北市,全區域,,,
2609,金門縣,金城鎮,,,民權路32號
2610,新北市,鶯歌區,,,陶瓷街18號3樓
2725,臺中市,清水區,,,忠貞路21號
2726,臺中市,清水區,,,忠貞路21號
2727,臺中市,西區,,,英才路600號
2728,臺中市,西區,,,英才路600號
2729,臺北市,大同區,,,赤峰街47巷16號2樓
2730,臺北市,大同區,,,赤峰街47巷16號2樓
2731,臺北市,大同區,,,赤峰街47巷16號2樓
2852,桃園市,中壢區,,,強國路60號
2853,桃園市,龍潭區,,,中興路680號
2854,桃園市,中壢區,,,中美路76號
2855,桃園市,中壢區,,,光華三街10號2、3樓
2856,桃園市,中壢區,,,台貿一街100號
2857,桃園市,中壢區,,,強國路60號
2858,桃園市,中壢區,,,中美路76號
2859,桃園市,中壢區,,,光華三街10號2、3樓
2860,桃園市,中壢區,,,台貿一街100號
2861,桃園市,中壢區,,,強國路60號
2862,桃園市,楊梅區,,,光華街26號
2993,新北市,新莊區,,,
2994,臺南市,安平區,,,育平路320號
2995,桃園市,中壢區,,,環北路380號
2996,臺中市,豐原區,,,臺中市豐原區水源路17巷2號
2997,新北市,萬里區,,,瑪鍊路２２１號４樓
2998,臺中市,清水區,,,忠貞路21號
2999,臺南市,新營區,,,中正路23號
3000,臺中市,北區,,,
3001,高雄市,美濃區,,,6鄰中正路一段59號
2611,臺中市,西區,,,五權西路一段2號
2612,臺北市,106,,,台北市大安區潮州街15號
2613,高雄市,復興三,,,路5號
2614,彰化縣,彰化市,,,74卦山路18號
2615,臺北市,信義區,,,仁愛路四段505號
2616,臺中市,西區,,,五權西路一段2號
2617,,,,,
2732,臺北市,士林區,,,文林路751號
2733,桃園市,桃園區,,,縣府路21號
2734,臺中市,西屯區,,,惠來路二段101號
2735,台北市,萬華區,,,成都路10號
2736,臺中市,太平區,,,大興路201號
2737,台北市,林森北,,,路107巷69號
2738,台北市,林森北,,,路107巷10號
2739,臺北市,中山南,,,路21-1號，信義路側
2740,高雄市,鳳山區,,,三多一路1號
2741,屏東市,民生路,,,4-17號
2742,臺南市,安南區,,,安吉路一段205、207號
2743,臺南市,鹽水區,,,過港路21號
2863,桃園市,楊梅區,,,中興路145號
2864,桃園市,楊梅區,,,中華街66巷45號
2865,新北市,新莊區,,,中港路350號4-8樓
2866,新北市,新莊區,,,中港路350號4-8樓
2867,新北市,新莊區,,,裕民街136號4-5樓
2868,新北市,新莊區,,,裕民街136號4-5樓
2869,新北市,新莊區,,,自由路1號3-5樓
2870,新北市,新莊區,,,裕民街136號4-5樓
2871,新北市,新莊區,,,四維路9號3-5樓
2872,新北市,新莊區,,,西盛街216號
2494,臺中市,西區,,,樂群街38號
2495,新北市,板橋區,,,中正路435號
2496,南投縣,草屯鎮,,,中正路573號
2618,臺北市,大同區,,,延平北路二段33號
2619,高雄市,鳳山區,,,三多一路1號
2620,雲林縣,北港鎮,,,公園路66號
2621,臺北市,中山南,,,路21-1號
2622,南投縣,埔里鎮,,,中華路239號
2623,台北市,北投區,,,學園路1號
2624,台北市,南海路,,,47號
2625,臺北市,中山南,,,路21-1號，信義路側
2626,員林市,大饒里,,,員林大道二段99號
2627,臺南市,東區,,,林森路二段46號
2628,臺南市,東區,,,林森路二段46號
2629,臺南市,東區,,,林森路二段46號
2744,臺南市,新營區,,,中正路23號
2745,臺南市,安南區,,,安吉路一段205、207號
2746,臺南市,安南區,,,安吉路一段205、207號
2747,臺南市,安南區,,,安吉路一段205、207號
2748,臺南市,安南區,,,安吉路一段205、207號
2749,嘉義市,東區,,,忠孝路275號
2750,臺南市,左鎮區,,,61-1號
2751,臺南市,新營區,,,中正路23號
2873,新北市,新莊區,,,西盛街216號
2874,新北市,石碇區,,,
2875,新北市,石碇區,,,碇坪路一段65號
2876,新北市,石碇區,,,碇坪路一段65號
2877,新北市,雙溪區,,,太平路50號3樓
2878,臺中市,豐原區,,,圓環東路782號
2879,臺中市,豐原區,,,圓環東路782號
2880,臺中市,豐原區,,,圓環東路782號
2497,臺南市,中西區,,,中華西路二段34號
2498,中央路,241,,,號6樓
2499,桃園市,中壢區,,,中山路41號7樓A室
2500,臺北市,中山南,,,路21-1號
2501,臺北市,中山南,,,路21-1號
2502,台南市,中西區,,,永華一街75號
2503,台北市,中山區,,,南京東路二段124號9樓
2504,苗栗市,自治路,,,50號
2505,新北市,板橋區,,,大觀路一段59號
2506,新北市,蘆洲區,,,中山二路162號2樓
2507,台北市,中山北,,,路二段113號3樓
2508,臺北市,迪化街,,,一段21號8樓
2509,臺北市,中山南,,,路21-1號，信義路側
2510,高雄市,前鎮區,,,新光路61號
2630,桃園市,楊梅區,,,
2631,桃園市,楊梅區,,,
2632,臺南市,下營區,,,文化街117號
2633,高雄市,苓雅區,,,
2634,高雄市,苓雅區,,,
2635,高雄市,新興區,,,6鄰民生一路271號
2636,南投縣,南投市,,,彰南路二段61號
2637,臺南市,南區,,,
2752,臺南市,東區,,,中華東路三段332號
2753,臺南市,東區,,,中華東路三段332號
2754,臺南市,東區,,,中華東路三段332號
2755,新北市,萬里區,,,瑪鍊路２２１號４樓
2756,新北市,萬里區,,,瑪鍊路２２１號４樓
2757,新北市,萬里區,,,瑪鍊路２２１號４樓
2758,新北市,萬里區,,,瑪鍊路２２１號４樓
2759,新北市,金山區,,,龜子山8號
2881,臺中市,豐原區,,,圓環東路782號
2882,臺北市,中正區,,,中山南路20號
2883,臺中市,大雅區,,,雅潭路四段800號
2884,臺中市,大雅區,,,雅潭路四段800號
2885,新北市,蘆洲區,,,永平街1號3樓
2886,新北市,蘆洲區,,,永平街1號3樓
2887,新北市,蘆洲區,,,永安南路2段134號2樓
2511,臺中市,龍井區,,,
2512,臺中市,中區,,,
2513,臺中市,東區,,,
2514,臺中市,東區,,,
2515,臺中市,大里區,,,
2516,臺中市,潭子區,,,
2517,臺中市,潭子區,,,
2518,臺中市,和平區,,,
2519,臺中市,沙鹿區,,,
2520,臺中市,豐原區,,,
2521,臺中市,大安區,,,
2522,臺中市,大雅區,,,
2523,臺中市,中區,,,
2638,臺北市,中正區,,,
2639,臺北市,內湖區,,,
2640,臺北市,全區域,,,
2399,苗栗縣,苗栗市,,,自治路50號
2400,苗栗縣,公館鄉,,,14鄰館南352號
2401,苗栗縣,苗栗市,,,
2402,苗栗縣,三義鄉,,,廣聲新城88號
2403,苗栗縣,三義鄉,,,廣聲新城88號
2001,新北市,淡水區,,,中正路一段6巷36號
2002,新北市,淡水區,,,中正路一段6巷36號
2003,臺南市,安南區,,,長和路一段250號
2131,桃園市,中壢區,,,中北路200號
2132,臺中市,霧峰區,,,大同路8號
2133,臺中市,霧峰區,,,大同路8號
2134,臺中市,霧峰區,,,大同路8號
2135,臺中市,霧峰區,,,大同路8號
2136,臺中市,霧峰區,,,大同路8號
2137,臺中市,霧峰區,,,大同路8號
2138,高雄市,鼓山區,,,4鄰鼓山三路19-3號
2139,高雄市,鳳山區,,,017鄰光遠路161號
2140,高雄市,鳳山區,,,017鄰光遠路161號
2249,臺北市,大安區,,,新生南路3段16巷1號
2250,臺中市,豐原區,,,圓環東路782號
2404,臺南市,中西區,,,臺南市中西區忠義路二段 1 號
2405,澎湖縣,馬公市,,,
2406,苗栗縣,苗栗市,,,自治路50號
2407,苗栗縣,苗栗市,,,自治路50號
2408,臺中市,沙鹿區,,,鎮南路二段 488號
2409,臺中市,豐原區,,,水源路1-1號
2410,金門縣,金寧鄉,,,仁愛新村1號
2411,澎湖縣,馬公市,,,
2004,臺北市,士林區,,,華岡路55號
2005,臺北市,信義路,,,四段88號8樓
2006,臺北市,大同區,,,103長安西路39號
2007,臺北市,中正區,,,中山南路21號
2141,高雄市,鳳山區,,,017鄰光遠路161號
2142,高雄市,彌陀區,,,2鄰中正路281巷50號
2143,宜蘭縣,員山鄉,,,8鄰員山路二段326號
2144,宜蘭縣,員山鄉,,,8鄰員山路二段326號
2145,臺中市,西屯區,,,惠來路二段101號
2146,南投縣,仁愛鄉,,,
2251,新北市,土城區,,,中正路18號7樓
2252,新北市,樹林區,,,樹新路40-7號3-4樓
2253,臺北市,中正區,,,同安街107號
2254,,,,,
2412,澎湖縣,馬公市,,,
2413,金門縣,金城鎮,,,環島北路一段66號
2414,金門縣,金湖鎮,,,尚義機場2號
2415,澎湖縣,馬公市,,,
2416,高雄市,三民區,,,002鄰大順二路468號
2417,澎湖縣,馬公市,,,
2418,高雄市,新興區,,,1鄰中正三路34號3樓
2419,苗栗縣,苗栗市,,,自治路50號
2008,臺北市,中正區,,,中山南路21號
2009,臺北市,士林區,,,文林路751號
2010,臺北市,士林區,,,文林路751號
2011,臺北市,士林區,,,文林路751號
2012,臺北市,士林區,,,文林路751號
2013,臺北市,士林區,,,文林路751號
2014,臺北市,士林區,,,文林路751號
2147,南投縣,中寮鄉,,,永平路270號
2148,南投縣,魚池鄉,,,秀水路233號
2149,南投縣,草屯鎮,,,草鞋墩一街8號
2150,南投縣,竹山鎮,,,公所路120號
2255,苗栗縣,苗栗市,,,水源里11鄰水流娘8-2號
2256,臺南市,中西區,,,中華西路二段34號
2257,臺北市,中正區,,,濟南路二段27號
2420,臺北市,信義區,,,松高路19號
2421,第1展,覽室,,,
2422,臺中市,北屯區,,,文心路四段575號
2423,臺中市,西區,,,五權西路一段2號
2424,臺中市,西區,,,五權西路一段2號
2425,臺中市,西區,,,五權西路一段2號
2426,嘉義市,忠孝路,,,275號
2427,臺北市,中山南,,,路21-1號
2428,臺南市,東區,,,中華東路3段332號
2429,臺中市,西屯區,,,惠來路二段101號
2430,新北市,淡水區,,,中正路1段6巷36號
2431,台北市,羅斯福,,,路四段92號10樓
2432,桃園市,中壢區,,,中美路16號
2015,臺南市,中西區,,,忠義路二段1號
2016,,,,,
2017,,,,,
2018,,,,,
2019,,,,,
2020,,,,,
2021,台北市,羅斯福,,,路四段92號10樓
2022,屏東市,民生路,,,4-17號
2023,新北市,板橋區,,,莊敬路62號
2024,臺北市,中山南,,,路21-1號，信義路側
2025,臺北市,延平南,,,路98號
2026,新北市,蘆洲區,,,中山二路162號2樓
2027,臺南市,中西區,,,中正路249號，06-229-5191
2028,高雄市,新興區,,,1鄰中正三路34號3樓
2029,高雄市,左營區,,,2鄰啟文路12號
2030,新北市,永和區,,,文化路192巷4弄2-1號
2151,南投縣,南投市,,,中興路669號
2152,臺南市,中西區,,,西門路二段120號B1
2153,南投縣,集集鎮,,,育才街166號
2154,臺南市,中西區,,,西門路二段120號B1
2155,臺南市,中西區,,,西門路二段120號B1
2156,南投縣,南投市,,,光明一路252號
2258,臺北市,中正區,,,濟南路二段27號
2259,臺北市,士林區,,,文林路751號
2260,臺北市,中正區,,,徐州路21號
2483,南投縣,草屯鎮,,,虎山路808號
2484,南投縣,南投市,,,
2485,南投縣,埔里鎮,,,中山路一段435號
2031,新北市,鶯歌區,,,文化路200號
2032,新北市,板橋區,,,貴興路139號
2033,桃園市,觀音區,,,觀新路56號
2034,桃園市,觀音區,,,觀新路56號
2035,桃園市,觀音區,,,觀新路56號
2036,桃園市,觀音區,,,
2037,臺中市,大里區,,,中興路一段163號
2038,臺中市,南屯區,,,
2039,臺中市,南區,,,
2040,臺北市,萬華區,,,康定路、昆明街之間的廣州街北側，老松國小的南側
2157,臺北市,中正區,,,中山南路21號
2158,新北市,復興路,,,43號10樓
2159,臺北市,100,,, 臺北市同安街107號
2160,臺北市,台北市,,,中正區中山南路21號
2161,臺北市,台北市,,,大安區大安路一段77號地下街-近東區地下街14號出口
2261,,,,,
2262,,,,,
2263,,,,,
2264,,,,,
2265,臺中市,西屯區,,,惠來路二段101號
2266,臺北市,北投區,,,學園路1號.
2267,台北市,北投區,,,學園路1號
2268,臺北市,中山南,,,路21-1號，信義路側
2269,台北市,北投區,,,學園路1號
2270,台北市,北投區,,,學園路1號
2271,台北市,北投區,,,學園路1號
2272,台北市,北投區,,,學園路1號
2273,台北市,北投區,,,學園路1號
2274,台北市,北投區,,,學園路1號
2275,台北市,北投區,,,學園路1號
2276,台北市,北投區,,,學園路1號
2277,台北市,北投區,,,學園路1號
2278,新北市,板橋區,,,莊敬路62號
2279,臺北市,延平南,,,路98號2樓
2280,高雄市,苓雅區,,,五福一路67號
2281,台北市,北投區,,,學園路1號
2282,高雄市,鳳山區,,,光遠路161號
2283,台南市,中西區,,,開山路152號
2284,台北市,信義區,,,菸廠路88號 誠品松菸店B1
2285,新竹縣,竹北市,,,嘉豐南路一段122號
2286,高雄市,苓雅區,,,五福一路67號
2287,桃園市,龍潭區,,,
2433,新竹市,東大路,,,二段17號
2434,臺北市,中山南,,,路21-1號
2435,高雄市,鳳山區,,,三多一路1號
2436,臺北市,中山南,,,路21-1號
2437,臺北市,中山南,,,路21-1號，信義路側
2438,臺北市,中山南,,,路21-1號，信義路側
2439,竹北市,縣政九,,,路146號
2440,臺北市,信義區,,,光復南路133號
2441,新北市,新店區,,,
2442,臺中市,清水區,,,忠貞路21號
2443,臺中市,清水區,,,忠貞路21號
2444,臺中市,清水區,,,
2041,花蓮縣,花蓮市,,,文復路六號
2042,花蓮縣,花蓮市,,,文復路六號
2043,臺中市,豐原區,,,市政路2號
2044,花蓮縣,花蓮市,,,文復路六號
2045,高雄市,岡山區,,,公園路2-1號
2046,高雄市,岡山區,,,公園路2-1號
2047,高雄市,岡山區,,,公園路2-1號
2048,高雄市,岡山區,,,公園路2-1號
2049,高雄市,前鎮區,,,8鄰新衙路17號
2162,臺北市,中正區,,,中山南路21號
2163,臺北市,中正區,,,中山南路21號
2164,臺北市,中山南,,,路21-1號
2165,台北市,信義區,,,菸廠路88號B1
2166,高雄市,鳳山區,,,光遠路161號
2167,台北市,八德路,,,三段25號
2168,民雄鄉,建國路,,,2段265號
2169,臺北市,中山南,,,路21-1號，信義路側
2170,臺北市,中山南,,,路21-1號
2171,臺北市,中山南,,,路21-1號
2172,台北市,萬華區,,,成都路10號
2173,台北市,萬華區,,,康定路173巷5號
2174,臺北市,信義區,,,市府路1號2樓
2175,臺北市,中山南,,,路21-1號
2176,宜蘭市,中山路,,,二段482號
2177,高雄市,鳳山區,,,光遠路161號
2178,桃園市,八德區,,,
2179,桃園市,大溪區,,,員林路一段29巷101號
2180,桃園市,平鎮區,,,
2288,桃園市,桃園區,,,三民路一段100號
2289,臺中市,清水區,,,忠貞路21號
2290,臺中市,西區,,,
2291,臺中市,北屯區,,,
2292,臺中市,南區,,,
2293,臺中市,北屯區,,,
2294,臺中市,清水區,,,
2461,南投縣,南投市,,,建國路135號
2462,南投縣,南投市,,,建國路135號
2463,南投縣,南投市,,,建國路135號
2464,南投縣,南投市,,,建國路135號
2465,南投縣,南投市,,,建國路135號
2466,南投縣,南投市,,,建國路135號
2467,南投縣,南投市,,,彰南路二段61號
2468,南投縣,南投市,,,中興新村環山路95巷26號
2050,高雄市,左營區,,,2鄰啟文路12號
2051,高雄市,楠梓區,,,楠梓路262號
2052,臺北市,台北市,,,松山區復興北路99號2樓
2053,新竹市,東區,,,忠孝路80號
2181,桃園市,中壢區,,,
2182,臺北市,大安區,,,仁愛路三段55號
2183,新北市,淡水區,,,民生路27號4樓、5樓、6樓
2184,新北市,淡水區,,,中山北路一段158號（水碓活動中心）四樓、六樓、七樓
2185,新北市,淡水區,,,中正東路2段68號
2186,新北市,淡水區,,,文化路65號
2187,新北市,板橋區,,,陽明街166號
2295,臺中市,清水區,,,忠貞路21號
2296,高雄市,林園區,,,林園北路236號
2297,新竹縣,竹東鎮,,,忠孝街95號(美之城)
2298,臺南市,下營區,,,文化街117號
2299,桃園市,桃園區,,,縣府路21號
2486,南投縣,國姓鄉,,,
2487,南投縣,魚池鄉,,,魚池街441-6號
2488,苗栗縣,苗栗市,,,自治路50號
2054,高雄市, 80,,,3鹽埕區大勇路1號
2055,,,,,
2056,臺北市,中正區,,,中山南路21號
2057,竹北市,縣政九,,,路146號.
2058,臺南市,東區,,,中華東路3段332號
2059,臺中市,清水區,,,忠貞路21號
2060,台北市,中山南,,,路21-1號
2061,台北市,大安區,,,建國南路一段177號
2062,高雄市,苓雅區,,,五福一路67號
2063,高雄市,苓雅區,,,五福一路67號
2064,高雄市,苓雅區,,,五福一路67號
2065,高雄市,三民區,,,陽明路300號3樓
2188,新北市,三重區,,,溪尾街303號
2189,新北市,板橋區,,,莊敬路62號
2190,新北市,板橋區,,,莊敬路62號
2191,新北市,板橋區,,,莊敬路62號
2300,桃園市,大溪區,,,
2301,臺中市,西屯區,,,市政北二路386號
2302,桃園市,八德區,,,
2303,桃園市,中壢區,,,延平路198號
2304,臺中市,西屯區,,,
2305,臺中市,西屯區,,,
2306,臺中市,西屯區,,,
2445,新北市,全區域,,,
2446,臺中市,豐原區,,,圓環東路782號
2447,臺中市,豐原區,,,圓環東路782號
2448,臺中市,豐原區,,,圓環東路782號
2449,臺中市,豐原區,,,圓環東路782號
2450,臺中市,豐原區,,,圓環東路782號
2451,臺中市,豐原區,,,圓環東路782號
2452,臺南市,安南區,,,郡安路四段66號
2453,臺南市,安南區,,,郡安路四段66號
2066,高雄市,三民區,,,002鄰大順二路468號
2067,桃園市,中壢區,,,
2068,高雄市,苓雅區,,,8鄰青年二路101號4-5樓
2069,桃園市,大溪區,,,
2070,桃園市,大溪區,,,
2071,新北市,淡水區,,,中正路259 號
2072,臺中市,北區,,,
2073,高雄市,杉林區,,,
2192,臺北市,中正區,,,延平南路156號
2193,新北市,板橋區,,,莊敬路62號
2194,新北市,板橋區,,,莊敬路62號
2195,高雄市,大樹區,,,17鄰中興西路50號
2196,高雄市,鹽埕區,,,1鄰大仁路179號5樓、6樓
2197,高雄市,鹽埕區,,,1鄰大仁路179號5樓、6樓
2198,新北市,淡水區,,,中山北路一段158號（水碓活動中心）四樓、六樓、七樓
2199,新北市,淡水區,,,文化路65號
2307,臺中市,西屯區,,,
2308,臺中市,西屯區,,,
2309,臺中市,西屯區,,,
2310,臺中市,西屯區,,,
2311,臺中市,西屯區,,,
2312,臺中市,西屯區,,,
2313,臺中市,西屯區,,,
2314,臺中市,西屯區,,,
2315,臺中市,西屯區,,,
2316,臺中市,西屯區,,,
2317,臺中市,西屯區,,,
2318,臺中市,西屯區,,,
2319,高雄市,六龜區,,,
2320,南投縣,南投市,,,中興新村中學路2號
2321,澎湖縣,白沙鄉,,,
2469,南投縣,南投市,,,中興新村環山路95巷26號
2470,臺南市,新營區,,,
2471,臺南市,仁德區,,,二仁路一段321號
2472,臺中市,南區,,,興路三段362號
2473,臺中市,南區,,,興路三段362號
2474,臺南市,安南區,,,長和路一段250號
2475,臺南市,東區,,,大學路1號（成功校區）
2476,新北市,板橋區,,,大觀路一段59號
2477,南投縣,南投市,,,光榮北路1號
2074,臺北市,士林區,,,陽明山華岡路55號
2075,臺北市,大同區,,,長安西路39號
2076,高雄市,楠梓區,,,楠梓路262號
2200,臺南市,中西區,,,友愛街8-3號
2201,臺南市,中西區,,,臺南市中西區忠義路二段 1 號
2202,臺南市,中西區,,,臺南市中西區忠義路二段 1 號
2203,臺南市,東區,,,大學路1號
2204,新北市,蘆洲區,,,三民路178號
2205,新北市,汐止區,,,新台五路一段95號4樓
2206,新北市,汐止區,,,新台五路一段99號4樓
2207,,,,,
2322,南投縣,草屯鎮,,,中正路573號
2323,南投縣,草屯鎮,,,
2324,南投縣,南投市,,,
2325,臺南市,中西區,,,中華西路二段34號
2326,臺南市,麻豆區,,,興國路11號
2327,臺南市,將軍區,,,1號
2328,高雄市,旗山區,,,華中街
2329,高雄市,茄萣區,,,港東街111號
2330,新竹縣,竹北市,,,縣政九路146號
2489,苗栗縣,苗栗市,,,自治路50號
2490,苗栗縣,竹南鎮,,,中正路 108號
2491,苗栗縣,竹南鎮,,,永貞路二段196號
2492,苗栗縣,竹南鎮,,,
2493,苗栗縣,竹南鎮,,,永貞路二段196號
2077,高雄市,三民區,,,
2078,臺北市,松山區,,,
2079,臺南市,山上區,,,53號
2080,高雄市,大樹區,,,25鄰久堂路97-1號
2208,臺北市,中正區,,,中山南路21號
2209,臺北市,中正區,,,中山南路21號
2210,臺北市,中正區,,,中山南路21號
2211,高雄市,三民區,,,九如一路777號2樓
2212,臺中市,西區,,,五權西路一段2號
2213,台北市,信義區,,,菸廠路88號B1
2331,臺南市,中西區,,,中華西路二段34號
2332,ssr,oom,,, (Peinan Site Park)
2333,臺中市,西區,,,五權西路一段2號
2334,,,,,
2335,,,,,
2336,,,,,
2337,,,,,
2338,,,,,
2339,,,,,
2340,,,,,
2341,,,,,
2342,,,,,
2343,,,,,
2344,,,,,
2345,,,,,
2346,臺北市,中山南,,,路21-1號
2347,嘉義市,忠孝路,,,275號
2348,台北市,中山區,,,南京東路二段124號9樓
2349,,,,,
2350,竹北市,縣政九,,,路146號
2351,竹北市,縣政九,,,路146號
2352,臺北市,中正區,,,八德路一段1號
2353,台北市,中山區,,,南京東路二段124號9樓
2354,台北市,中山區,,,南京東路二段124號9樓
2454,南投縣,南投市,,,建國路135號
2455,南投縣,南投市,,,中興新村環山路95巷26號
2456,南投縣,南投市,,,建國路135號
2457,南投縣,南投市,,,建國路135號
2458,南投縣,南投市,,,建國路135號
2459,南投縣,南投市,,,建國路135號
2460,南投縣,南投市,,,建國路135號
2081,高雄市,茄萣區,,,
2082,臺北市,信義區,,,松仁路3號
2083,臺北市,士林區,,,外雙溪至善路2段221號
2084,臺中市,南屯區,,,博愛街97號
2085,南投縣,南投市,,,中興路669號
2086,南投縣,南投市,,,中興路669號
2087,南投縣,南投市,,,中興路669號
2214,高雄市,鳳山區,,,三多一路1號
2215,台北市,中正區,,,中山南路21-1號
2216,高雄市,苓雅區,,,001鄰五福一路67號
2217,高雄市,鼓山區,,,4鄰鼓山三路19-3號
2218,高雄市,左營區,,,2鄰啟文路12號
2219,高雄市,左營區,,,博愛三路453號
2220,高雄市,林園區,,,林園北路236號
2221,桃園市,龍潭區,,,
2222,桃園市,龍潭區,,,
2355,宜蘭縣,蘇澳鎮,,,武荖坑路75號
2356,高雄市,鹽埕區,,,8鄰大勇路1號
2357,高雄市,新興區,,,6鄰民生一路271號
2358,高雄市,三民區,,,002鄰大順二路468號
2359,高雄市,苓雅區,,,8鄰青年二路101號4-5樓
2360,高雄市,鼓山區,,,4鄰鼓山三路19-3號
2361,高雄市,小港區,,,博學路365號
2478,南投縣,南投市,,,光榮北路1號
2479,南投縣,南投市,,,光榮北路1號
2480,南投縣,南投市,,,光榮北路1號
2481,南投縣,竹山鎮,,,
2482,南投縣,草屯鎮,,,中正路568號
2088,臺中市,南區,,,五權南路100號
2089,臺中市,南區,,,五權南路100號
2090,臺中市,南區,,,五權南路100號
2091,高雄市,鼓山區,,,延平街87-13號
2092,花蓮市,文復路,,,6號
2093,新北市,線上辦,,,理
2094,臺北市,中正區,,,中山南路21號
2095,臺北市,中正區,,,中山南路21號
2223,臺中市,西區,,,
2224,臺中市,霧峰區,,,大同路8號
2225,臺中市,霧峰區,,,大同路8號
2226,臺中市,霧峰區,,,大同路8號
2227,新北市,淡水區,,,民生路27號4樓、5樓、6樓
2228,新北市,淡水區,,,民生路27號4樓、5樓、6樓
2229,新北市,淡水區,,,中山北路一段158號（水碓活動中心）四樓、六樓、七樓
2230,新北市,淡水區,,,中正東路2段68號
2231,新北市,淡水區,,,文化路65號
2232,新北市,淡水區,,,文化路65號
2233,臺中市,豐原區,,,圓環東路782號
2362,新北市,淡水區,,,中山北路1段158號
2363,新北市,鶯歌區,,,文化路200號
2364,桃園市,八德區,,,
2365,高雄市,小港區,,,博學路365號
2366,臺中市,西區,,,林森路33號
2367,高雄市,前鎮區,,,21鄰新光路61號
2368,苗栗縣,後龍鎮,,,7鄰新港三路295號
2369,苗栗縣,後龍鎮,,,7鄰新港三路295號
2370,苗栗縣,後龍鎮,,,7鄰新港三路295號
1973,高雄市,鳳山區,,,三多一路1號
1974,臺北市,中山南,,,路21-1號
1975,台北市,中山南,,,路21-1號
1976,台南市,中華東,,,路3段332號
1977,桃園市,桃園區,,,縣府路21號
1978,臺南市,中西區,,,國華街三段123號
1979,嘉義市,忠孝路,,,275號
1980,臺中市,太平區,,,大興路201號
1981,台南市,仁德區,,,文華路二段66號
1982,臺中市,西屯區,,,惠來路二段101號
1983,員林市,大饒里,,,員林大道二段99號
1984,臺南市,安平區,,,光州路3號
1985,高雄市,三民區,,,陽明路300號3樓
1986,高雄市,大樹區,,,25鄰久堂路97-1號
1987,高雄市,彌陀區,,,14鄰四維路一之一號
1988,高雄市,大寮區,,,16鄰進學路133號
1989,高雄市,小港區,,,博學路365號
1990,臺中市,清水區,,,忠貞路21號
2096,臺南市,中西區,,,中華西路二段34號
2097,臺中市,西區,,,五權西路一段2號
2098,屏東縣,琉球鄉,,,中正路255-1號（小島停琉）
2099,台北市,信義區,,,菸廠路88號B1
2234,臺中市,豐原區,,,圓環東路782號
2235,臺中市,太平區,,,大興路201號
2236,臺中市,太平區,,,大興路201號
2237,臺中市,沙鹿區,,,
2238,臺中市,全區域,,,
2239,臺中市,太平區,,,大興路201號
2240,臺中市,太平區,,,大興路201號
2371,苗栗縣,後龍鎮,,,7鄰新港三路295號
2372,苗栗縣,後龍鎮,,,7鄰新港三路295號
2373,苗栗縣,後龍鎮,,,7鄰新港三路295號
2374,苗栗縣,後龍鎮,,,7鄰新港三路295號
2375,苗栗縣,後龍鎮,,,7鄰新港三路295號
2376,苗栗縣,後龍鎮,,,7鄰新港三路295號
2377,苗栗縣,後龍鎮,,,7鄰新港三路295號
2378,苗栗縣,後龍鎮,,,7鄰新港三路295號
2379,苗栗縣,後龍鎮,,,7鄰新港三路295號
2380,苗栗縣,後龍鎮,,,7鄰新港三路295號
2381,苗栗縣,後龍鎮,,,7鄰新港三路295號
1991,臺中市,清水區,,,忠貞路21號
1992,臺中市,清水區,,,忠貞路21號
1993,臺中市,清水區,,,忠貞路21號
1994,臺中市,龍井區,,,
1995,臺中市,西區,,,
1996,臺北市,全區域,,,
2100,臺北市,士林區,,,文林路751號
2101,高雄市,鳳山區,,,三多一路1號
2102,臺南市,新營區,,,中正路23號
2103,高雄市,鳳山區,,,三多一路1號
2104,高雄市,鳳山區,,,三多一路1號
2105,高雄市,鳳山區,,,三多一路1號
2106,台南市,中華東,,,路3段332號
2107,台北市,濟南路,,,一段7號B1
2108,高雄市,鳳山區,,,三多一路1號
2109,新北市,蘆洲區,,,中山二路162號2樓
2110,,,,,
2111,臺中市,學士路,,,98號
2112,屏東市,民生路,,,4-17號
2113,屏東市,民生路,,,4-17號
2114,臺北市,中山南,,,路21-1號，信義路側
2115,高雄市,鳳山區,,,三多一路1號
2116,高雄市,大寮區,,,16鄰進學路133號
2117,桃園市,楊梅區,,,
2118,桃園市,中壢區,,,
2119,桃園市,平鎮區,,,
2120,桃園市,新屋區,,,
2241,臺中市,清水區,,,
2242,臺中市,太平區,,,大興路201號
2243,臺中市,潭子區,,,
2244,臺中市,西區,,,民權路99號
2245,臺中市,南屯區,,,
2246,高雄市,大樹區,,,25鄰久堂路97-1號
2382,苗栗縣,後龍鎮,,,7鄰新港三路295號
2383,臺中市,沙鹿區,,,鎮南路二段 488號
2384,苗栗縣,後龍鎮,,,7鄰新港三路295號
2385,苗栗縣,後龍鎮,,,7鄰新港三路295號
2386,苗栗縣,後龍鎮,,,7鄰新港三路295號
2387,苗栗縣,後龍鎮,,,7鄰新港三路295號
2388,苗栗縣,後龍鎮,,,7鄰新港三路295號
2389,苗栗縣,後龍鎮,,,7鄰新港三路295號
2390,苗栗縣,後龍鎮,,,7鄰新港三路295號
2391,苗栗縣,後龍鎮,,,7鄰新港三路295號
2392,苗栗縣,後龍鎮,,,7鄰新港三路295號
1997,花蓮縣,花蓮市,,,文復路六號
1998,南投縣,國姓鄉,,,
1999,新北市,淡水區,,,中正路一段6巷36號
2000,新北市,淡水區,,,中正路一段6巷36號
2121,桃園市,桃園區,,,延平路147號
2122,桃園市,全區域,,,
2123,桃園市,桃園區,,,
2124,臺北市,信義區,,,仁愛路四段505號
2125,桃園市,龍潭區,,,中正路三林段500號
2126,高雄市,楠梓區,,,楠梓路262號
2127,桃園市,中壢區,,,中北路200號
2128,臺中市,霧峰區,,,大同路8號
2129,臺中市,霧峰區,,,大同路8號
2130,臺中市,霧峰區,,,大同路8號
2247,臺北市,中正區,,,南海路41號
2248,臺北市,大安區,,,
2393,苗栗縣,後龍鎮,,,7鄰新港三路295號
2394,臺中市,沙鹿區,,,鎮南路二段 488號
2395,澎湖縣,馬公市,,,六合路300號
2396,臺中市,沙鹿區,,,鎮南路二段 488號
2397,苗栗縣,公館鄉,,,14鄰館南352號
2398,臺中市,西屯區,,,市政北二路386號
3905,桃園市,桃園區,,,中正路1188號
3906,桃園市,桃園區,,,中正路1188號
3907,桃園市,桃園區,,,中正路1188號
3908,桃園市,桃園區,,,中正路1188號
3909,桃園市,桃園區,,,中正路1188號
3910,桃園市,桃園區,,,中正路1188號
3911,桃園市,桃園區,,,中山路889號
3912,臺南市,柳營區,,,
3913,臺南市,柳營區,,,
3914,臺南市,柳營區,,,
3524,新竹縣,竹北市,,,文興路一段123號
3525,新竹縣,竹北市,,,文興路一段123號
3526,文興路,一段1,,,23號
3527,新竹縣,竹北市,,,文興路一段123號
3528,,,,,
3529,臺北市,中正區,,,徐州路21號
3530,新北市,蘆洲區,,,中山二路162號2樓
3531,新北市,蘆洲區,,,中山二路162號2樓
3664,南投縣,南投市,,,光榮北路1號
3665,花蓮縣,花蓮市,,,文復路六號
3666,花蓮縣,花蓮市,,,文復路六號
3667,花蓮縣,花蓮市,,,文復路六號
3668,花蓮縣,花蓮市,,,文復路六號
3669,嘉義市,東區,,,忠孝路275號
3670,臺南市,新市區,,,
3671,臺中市,南區,,,五權南路100號
3672,臺中市,南區,,,五權南路100號
3673,臺中市,南區,,,五權南路100號
3674,臺中市,南區,,,五權南路100號
3675,臺中市,南區,,,五權南路100號
3676,臺中市,南區,,,五權南路100號
3790,南投縣,草屯鎮,,,中正路573號
3791,南投縣,草屯鎮,,,中正路573號
3792,臺中市,清水區,,,
3793,彰化縣,溪湖鎮,,,彰水路4段60號
3794,彰化縣,芳苑鄉,,,
3795,彰化縣,芬園鄉,,,
3915,臺南市,中西區,,,中華西路二段34號
3916,臺南市,中西區,,,中華西路二段34號
3917,臺南市,中西區,,,中華西路二段34號
3918,臺南市,後壁區,,,
3919,臺南市,後壁區,,,
3920,臺南市,後壁區,,,
3921,臺南市,歸仁區,,,大德路127號
3922,臺南市,南化區,,,227之1號
3923,臺南市,南化區,,,227之1號
3924,臺南市,南化區,,,227之1號
3925,臺南市,南化區,,,227之1號
3926,臺南市,南化區,,,227之1號
3927,臺南市,新營區,,,45之8號
3928,臺南市,官田區,,,中山路1段129號
3532,台南市,中西區,,,永華一街75號
3533,台北市,林森北,,,路107巷10號
3534,高雄市,前金區,,,六合二路145號B1
3535,臺南市,新營區,,,中正路23號
3536,苗栗市,自治路,,,50號
3537,高雄市,苓雅區,,,五福一路67號
3538,高雄市,鼓山區,,,6鄰美術館路80號
3539,高雄市,仁武區,,,5鄰中正路80號
3540,新竹市,東區,,,大學路1001號
3541,高雄市,茄萣區,,,24鄰濱海路四段31巷1號
3542,高雄市,內門區,,,木柵3-1號
3543,高雄市,彌陀區,,,14鄰四維路一之一號
3544,高雄市,小港區,,,博學路365號
3545,高雄市,小港區,,,博學路365號
3546,高雄市,湖內區,,,3鄰保生路101號
3547,高雄市,鳳山區,,,6鄰曹公路23號
3677,臺中市,南區,,,五權南路100號
3678,臺中市,南屯區,,,博愛街97號
3679,嘉義市,東區,,,忠孝路275號
3680,嘉義市,東區,,,忠孝路275號
3681,臺中市,北區,,,學士路91號
3682,彰化縣,北斗鎮,,,
3683,臺中市,霧峰區,,,
3684,臺南市,中西區,,,
3796,彰化縣,社頭鄉,,,
3797,南投縣,竹山鎮,,,集山路二段345號
3798,彰化縣,彰化市,,,中山路2段500號
3799,彰化縣,彰化市,,,中山路2段500號
3800,彰化縣,彰化市,,,中山路2段500號
3801,臺中市,北屯區,,,興安路一段162號
3802,臺中市,北屯區,,,興安路一段162號
3803,臺中市,大甲區,,,雁門路172號
3804,臺中市,清水區,,,忠貞路21號
3929,彰化縣,永靖鄉,,,中山路2段60號
3930,彰化縣,永靖鄉,,,中山路2段60號
3931,彰化縣,埔鹽鄉,,,員鹿路2段60號
3932,彰化縣,埔鹽鄉,,,員鹿路2段60號
3933,彰化縣,埔鹽鄉,,,員鹿路2段60號
3934,彰化縣,二林鎮,,,
3935,彰化縣,二林鎮,,,斗苑路4段626號
3936,彰化縣,花壇鄉,,,中正路72號
3548,新竹市,東區,,,大學路1001號
3549,高雄市,大寮區,,,16鄰進學路133號
3550,高雄市,前鎮區,,,8鄰新衙路17號
3551,高雄市,前鎮區,,,8鄰新衙路17號
3552,高雄市,左營區,,,博愛三路453號
3553,臺中市,豐原區,,,圓環東路782號
3554,臺中市,北屯區,,,興安路一段162號
3555,臺中市,大安區,,,興安路378號
3556,臺中市,大安區,,,興安路378號
3557,臺中市,大安區,,,興安路378號
3685,臺南市,中西區,,,
3686,臺南市,新營區,,,中正路23號
3687,高雄市,左營區,,,博愛二路757 號
3688,臺北市,中正區,,,羅斯福路三段244巷2號B1
3689,臺北市,中正區,,,羅斯福路三段244巷2號B1
3690,臺北市,中正區,,,羅斯福路三段244巷2號B1
3691,大同區,延平北,,,路一段2號
3692,臺北市,中正區,,,濟南路二段27號
3693,臺北市,信義區,,,仁愛路4段505號
3694,臺中市,南區,,,復興路三段362號
3695,屏東市,民生路,,,4-17號
3805,彰化縣,彰化市,,,中山路2段500號
3806,南投縣,竹山鎮,,,集山路二段345號
3807,彰化縣,埤頭鄉,,,文鄉路135號
3808,臺中市,清水區,,,忠貞路21號
3809,臺中市,大甲區,,,雁門路172號
3810,彰化縣,線西鄉,,,和線路980號
3811,彰化縣,溪州鄉,,,溪下路4段556號
3937,彰化縣,彰化市,,,彰草路783號
3938,彰化縣,彰化市,,,彰草路783號
3939,彰化縣,彰化市,,,溫泉路31號
3940,彰化縣,北斗鎮,,,
3941,彰化縣,二水鄉,,,
3942,彰化縣,二水鄉,,,
3943,彰化縣,二水鄉,,,
3944,彰化縣,二水鄉,,,
3558,臺中市,大安區,,,興安路378號
3559,臺中市,大甲區,,,雁門路172號
3560,新竹市,東區,,,
3561,臺中市,西區,,,精誠路256號
3562,高雄市,鳳山區,,,017鄰光遠路161號
3563,高雄市,鳳山區,,,017鄰光遠路161號
3564,臺中市,梧棲區,,,雲集街72號
3565,臺中市,梧棲區,,,雲集街72號
3566,臺中市,梧棲區,,,雲集街72號
3567,臺中市,梧棲區,,,雲集街72號
3568,臺中市,梧棲區,,,雲集街72號
3569,高雄市,阿蓮區,,,6鄰中正路381巷35號2樓
3570,臺中市,太平區,,,太平三街20號
3696,臺北市,士林區,,,文林路751號
3697,新北市,板橋區,,,莊敬路62號
3698,臺北市,中山南,,,路21-1號
3699,高雄市,苓雅區,,,五福一路67號
3700,台南市,中華西,,,路二段34號
3701,臺北市,士林區,,,文林路751號
3702,屏東市,民生路,,,4-17號
3703,臺北市,士林區,,,文林路751號
3704,臺北市,中山南,,,路21-1號，信義路側
3705,高雄市,鳳山區,,,三多一路1號
3706,臺北市,士林區,,,文林路751號
3707,台北市,信義區,,,菸廠路88號B1
3708,臺北市,士林區,,,文林路751號
3709,臺北市,士林區,,,文林路751號
3710,臺北市,士林區,,,文林路751號
3711,高雄市,三民區,,,002鄰大順二路468號
3712,高雄市,鹽埕區,,,019鄰中正四路272號
3713,高雄市,前鎮區,,,保泰路303號4樓
3714,高雄市,前鎮區,,,保泰路303號4樓
3715,高雄市,三民區,,,4鄰裕誠路1號
3716,高雄市,三民區,,,4鄰裕誠路1號
3812,彰化縣,埔鹽鄉,,,員鹿路2段60號
3813,臺中市,清水區,,,忠貞路21號
3814,彰化縣,鹿港鎮,,,公園一路83號
3815,彰化縣,埔心鄉,,,員鹿路2段328號
3816,臺中市,大甲區,,,雁門路172號
3817,彰化縣,彰化市,,,中山路2段500號
3818,彰化縣,彰化市,,,中山路2段500號
3819,彰化縣,大城鄉,,,中平路163號
3820,彰化縣,和美鎮,,,道周路346號
4022,雲林縣,虎尾鎮,,,林森路一段528號
4023,雲林縣,虎尾鎮,,,林森路一段528號
4024,雲林縣,虎尾鎮,,,林森路一段528號
4025,雲林縣,虎尾鎮,,,林森路一段528號
4026,雲林縣,虎尾鎮,,,林森路一段528號
4027,雲林縣,二崙鄉,,,中山路102號
4028,雲林縣,二崙鄉,,,中山路102號
4029,雲林縣,臺西鄉,,,
4030,雲林縣,臺西鄉,,,
4031,雲林縣,虎尾鎮,,,林森路一段498號
4032,雲林縣,虎尾鎮,,,林森路一段498號
4033,雲林縣,虎尾鎮,,,林森路一段498號
4034,雲林縣,虎尾鎮,,,林森路一段498號
3571,臺中市,太平區,,,太平三街20號
3572,臺中市,太平區,,,太平三街20號
3573,臺中市,太平區,,,中山路一段213號
3574,臺中市,太平區,,,中山路一段213號
3575,臺中市,太平區,,,中山路一段213號
3576,臺中市,太平區,,,中山路一段213號
3577,臺中市,南屯區,,,惠文路489號
3578,臺中市,清水區,,,
3717,高雄市,鼓山區,,,4鄰鼓山三路19-3號
3718,高雄市,鼓山區,,,6鄰美術館路80號
3719,新竹市,東區,,,花園街64號
3720,新竹市,東區,,,
3721,新竹市,東區,,,食品路250號
3821,彰化縣,彰化市,,,中山路2段500號
3822,彰化縣,和美鎮,,,道周路346號
3823,臺中市,西屯區,,,文心路二段99號
3824,彰化縣,彰化市,,,中山路2段500號
3825,臺中市,清水區,,,忠貞路21號
3826,彰化縣,彰化市,,,中山路2段416號
3827,彰化縣,彰化市,,,中山路2段416號
3960,彰化縣,鹿港鎮,,,龍舟路22號
3961,彰化縣,鹿港鎮,,,鹿工路六號  (彰濱工業區鹿港區)
3962,彰化縣,鹿港鎮,,,鹿工路六號  (彰濱工業區鹿港區)
3963,彰化縣,鹿港鎮,,,鹿工南四路30號
3964,彰化縣,鹿港鎮,,,鹿工南四路30號
3965,彰化縣,鹿港鎮,,,鹿工南四路30號
3966,彰化縣,鹿港鎮,,,鹿工南四路30號
3967,臺南市,七股區,,,377號
3968,彰化縣,鹿港鎮,,,鹿工南四路30號
3579,臺中市,太平區,,,大興路201號
3580,臺中市,太平區,,,大興路201號
3581,臺中市,太平區,,,大興路201號
3582,臺中市,太平區,,,大興路201號
3583,臺中市,太平區,,,大興路201號
3584,臺中市,太平區,,,大興路201號
3585,臺中市,太平區,,,大興路201號
3586,臺中市,太平區,,,大興路201號
3722,臺中市,豐原區,,,市政路2號
3723,新竹市,東區,,,大學路1001號
3724,高雄市,大寮區,,,16鄰進學路133號
3725,高雄市,大寮區,,,16鄰進學路133號
3726,臺北市,中山區,,,
3727,新竹市,東區,,,光復路二段101號
3828,彰化縣,彰化市,,,中山路2段416號
3829,彰化縣,二林鎮,,,斗苑路4段626號
3830,新竹市,東區,,,金城一路69號
3831,新竹市,東區,,,金城一路69號
3832,臺中市,大甲區,,,雁門路172號
3833,彰化縣,彰化市,,,中山路2段500號
3834,彰化縣,彰化市,,,中山路2段500號
3835,彰化縣,彰化市,,,中山路2段500號
3836,彰化縣,彰化市,,,中山路2段500號
3992,雲林縣,北港鎮,,,公園路66號
3993,雲林縣,斗六市,,,大學路三段310號
3994,雲林縣,斗六市,,,大學路三段310號
3995,雲林縣,斗六市,,,大學路三段310號
3996,雲林縣,斗六市,,,大學路三段310號
3997,雲林縣,斗六市,,,大學路三段310號
3998,雲林縣,斗六市,,,大學路三段310號
3999,雲林縣,斗六市,,,大學路三段310號
4000,雲林縣,斗六市,,,大學路三段310號
4001,雲林縣,斗六市,,,大學路三段310號
4002,雲林縣,北港鎮,,,共和街2號
3587,臺中市,太平區,,,大興路201號
3588,臺中市,太平區,,,大興路201號
3589,臺中市,太平區,,,大興路201號
3590,臺中市,太平區,,,大興路201號
3591,臺中市,太平區,,,大興路201號
3592,臺中市,太平區,,,大興路201號
3593,臺中市,太平區,,,大興路201號
3594,新竹市,東區,,,光復路二段101號
3728,新竹市,北區,,,
3729,新竹市,北區,,,東大路二段17號
3730,新竹市,北區,,,東大路二段17號
3731,臺北市,松山區,,,八德路3段25號
3732,臺北市,松山區,,,八德路3段25號
3733,臺北市,松山區,,,八德路3段25號
3837,彰化縣,彰化市,,,中山路2段500號
3838,彰化縣,員林市,,,員林大道2段99號
3839,彰化縣,員林市,,,員林大道2段99號
3840,彰化縣,員林市,,,員林大道2段99號
3841,彰化縣,員林市,,,員林大道2段99號
3945,彰化縣,二水鄉,,,
3946,彰化縣,二水鄉,,,
3947,彰化縣,二水鄉,,,
3948,彰化縣,二水鄉,,,溪邊巷72號
3949,彰化縣,二水鄉,,,
3950,彰化縣,二水鄉,,,
3595,臺中市,大雅區,,,
3596,新北市,蘆洲區,,,三民路178號
3597,臺北市,中正區,,,仁愛路二段63號B1 
3598,新竹市,東南街,,,53巷47-1號
3599,新竹縣,竹北市,,,縣政九路146號
3600,新竹縣,竹北市,,,縣政九路146號
3601,,,,,
3734,臺北市,松山區,,,八德路3段25號
3735,臺北市,信義區,,,市府路1號
3736,新北市,三重區,,,中正北路2號
3737,臺北市,信義區,,,市府路1號
3738,臺北市,文山區,,,景文街32號
3739,臺北市,文山區,,,景文街32號
3740,高雄市,大社區,,,7鄰自強街11號
3842,彰化縣,彰化市,,,卦山路3號
3843,彰化縣,彰化市,,,卦山路3號
3844,彰化縣,彰化市,,,卦山路3號
3845,彰化縣,彰化市,,,卦山路3號
3846,彰化縣,彰化市,,,中山路2段542號
3847,彰化縣,員林市,,,員林大道2段99號
3969,彰化縣,鹿港鎮,,,鹿工南四路30號
3970,彰化縣,鹿港鎮,,,鹿工南四路30號
3971,彰化縣,鹿港鎮,,,鹿工南四路30號
3972,彰化縣,鹿港鎮,,,鹿工南四路30號
3973,彰化縣,鹿港鎮,,,鹿工南四路30號
3974,彰化縣,鹿港鎮,,,鹿工南四路30號
3975,彰化縣,員林市,,,三民街18號
3976,彰化縣,秀水鄉,,,平安五街61號2樓
3977,彰化縣,彰化市,,,卦山路4號
3602,臺中市,西區,,,五權西路一段2號
3603,臺中市,西區,,,五權西路一段2號
3604,臺北市,中山區,,,新生北路三段82號B1
3605,新北市,文化路,,,192巷4弄2-1號
3606,台南市,樹林街,,,二段33號
3607,台北市,濟南路,,,一段7號B1
3608,台北市,濟南路,,,一段7號B1
3609,,,,,
3741,臺北市,文山區,,,景文街32號
3742,高雄市,小港區,,,博學路365號
3743,高雄市,鼓山區,,,6鄰美術館路80號
3744,高雄市,鼓山區,,,6鄰美術館路80號
3745,臺北市,松山區,,,八德路3段25號
3746,臺北市,松山區,,,八德路3段25號
3747,臺北市,松山區,,,八德路3段25號
3748,臺北市,中正區,,,濟南路二段27號
3749,臺北市,中正區,,,濟南路二段27號
3848,彰化縣,鹿港鎮,,,後車巷7號
3849,彰化縣,彰化市,,,中山路2段542號
3850,彰化縣,彰化市,,,中山路2段542號
3851,彰化縣,員林市,,,員林大道2段99號
3852,彰化縣,員林市,,,員林大道2段99號
3853,彰化縣,員林市,,,員林大道2段99號
3854,彰化縣,彰化市,,,中山路2段542號
4003,雲林縣,北港鎮,,,共和街2號
4004,雲林縣,北港鎮,,,共和街2號
4005,雲林縣,崙背鄉,,,民生路28之8號
4006,雲林縣,崙背鄉,,,民生路28之8號
4007,雲林縣,崙背鄉,,,民生路28之8號
4008,雲林縣,崙背鄉,,,民生路28之8號
4009,雲林縣,崙背鄉,,,民生路28之8號
4010,雲林縣,斗南鎮,,,南昌路21號
4011,雲林縣,虎尾鎮,,,林森路一段501號
4012,雲林縣,虎尾鎮,,,林森路一段501號
4013,雲林縣,虎尾鎮,,,林森路一段501號
3610,台北市,萬華區,,,成都路10號
3611,台北市,重慶南,,,路二段51號B1
3612,臺南市,楠西區,,,中正路309號
3613,桃園市,楊梅區,,,
3614,桃園市,中壢區,,,光華三街10號2、3樓
3615,桃園市,龜山區,,,自強南路97號
3616,桃園市,龜山區,,,自強南路97號
3617,桃園市,大溪區,,,
3618,桃園市,中壢區,,,中美路76號
3619,桃園市,觀音區,,,
3620,桃園市,大園區,,,中正西路12之1號4-6樓
3621,桃園市,大園區,,,中正西路12之1號4-6樓
3622,桃園市,大園區,,,三和路5號
3750,臺北市,中正區,,,濟南路二段27號
3751,臺北市,中正區,,,濟南路二段27號
3752,臺北市,中正區,,,濟南路二段27號
3753,臺北市,中正區,,,濟南路二段27號
3754,臺北市,中正區,,,濟南路二段27號
3755,臺北市,中正區,,,濟南路二段27號
3756,臺北市,中正區,,,濟南路二段27號
3757,臺北市,中正區,,,濟南路二段27號
3758,臺北市,中正區,,,濟南路二段27號
3759,臺北市,中正區,,,濟南路二段27號
3760,臺北市,中正區,,,濟南路二段27號
3761,臺北市,中正區,,,濟南路二段27號
3855,彰化縣,員林市,,,員林大道2段99號
3856,彰化縣,員林市,,,員林大道2段99號
3857,彰化縣,彰化市,,,中山路2段542號
3858,彰化縣,員林市,,,員林大道2段99號
3859,彰化縣,員林市,,,員林大道2段99號
3860,高雄市,鳳山區,,,三多一路1號
3861,臺東市,南京路,,,25號
3862,臺北市,中山南,,,路21-1號，信義路側
3863,新北市,蘆洲區,,,中山二路162號2樓
3951,彰化縣,二水鄉,,,
3952,彰化縣,二水鄉,,,
3953,彰化縣,彰化市,,,中山路二段418號
3954,彰化縣,彰化市,,,福山街348號
3955,彰化縣,鹿港鎮,,,公園一路83號
3956,彰化縣,鹿港鎮,,,公園一路83號
3957,彰化縣,鹿港鎮,,,公園一路83號
3958,彰化縣,鹿港鎮,,,公園路122號
3959,彰化縣,彰化市,,,健興路1號
3623,桃園市,大園區,,,中正西路12之1號4-6樓
3624,桃園市,大園區,,,中正西路12之1號4-6樓
3625,桃園市,大園區,,,中正西路12之1號4-6樓
3626,桃園市,大園區,,,三和路5號
3627,桃園市,龍潭區,,,
3628,桃園市,蘆竹區,,,吉林路34、36、38、40、42、44、46號，長春路3巷3號1.2樓、4號1.2樓、5號1.2樓，長春路5巷1號1樓
3629,桃園市,蘆竹區,,,吉林路34、36、38、40、42、44、46號，長春路3巷3號1.2樓、4號1.2樓、5號1.2樓，長春路5巷1號1樓
3630,桃園市,蘆竹區,,,吉林路34、36、38、40、42、44、46號，長春路3巷3號1.2樓、4號1.2樓、5號1.2樓，長春路5巷1號1樓
3631,桃園市,蘆竹區,,,吉林路34、36、38、40、42、44、46號，長春路3巷3號1.2樓、4號1.2樓、5號1.2樓，長春路5巷1號1樓
3632,桃園市,大園區,,,中正西路12之1號4-6樓
3633,桃園市,桃園區,,,成功路二段179號
3762,臺北市,中正區,,,濟南路二段27號
3763,臺北市,中正區,,,濟南路二段27號
3764,臺北市,中正區,,,濟南路二段27號
3765,臺北市,中正區,,,濟南路二段27號
3766,臺北市,中正區,,,濟南路二段27號
3767,臺北市,中正區,,,濟南路二段27號
3768,臺北市,中正區,,,濟南路二段27號
3769,臺北市,中正區,,,濟南路二段27號
3770,臺北市,中正區,,,濟南路二段27號
3771,臺北市,中正區,,,濟南路二段27號
3864,臺北市,中山南,,,路21-1號，信義路側
3865,臺北市,中山南,,,路21-1號
3866,臺北市,中山南,,,路21-1號
3867,臺北市,牯嶺街,,,5巷2號
3868,臺北市,牯嶺街,,,5巷2號
3869,台北市,牯嶺街,,,5巷2號
3870,臺北市,臨溪路,,,70號第二教研大樓二樓
3871,臺北市,中山南,,,路21-1號，信義路側
3872,桃園市,中壢區,,,中美路16號
3873,,,,,
3874,新北市,板橋區,,,莊敬路62號B1
3875,臺中市,清水區,,,忠貞路21號
3876,臺北市,大安區,,,光復南路346巷56號
3877,臺北市,大安區,,,光復南路346巷56號
3878,臺北市,台北市,,,大安區光復南路346巷56號
3978,彰化縣,彰化市,,,卦山路4號
3979,彰化縣,彰化市,,,卦山路4號
3980,彰化縣,和美鎮,,,和卿路101號
3981,,,,,
3982,,,,,
3983,,,,,
3984,,,,,
3985,臺北市,萬華區,,,西園路一段145號地下二樓
3986,雲林縣,斗六市,,,北平路46巷11號
3987,雲林縣,斗六市,,,北平路46巷11號
3988,雲林縣,北港鎮,,,公園路66號
3989,雲林縣,北港鎮,,,公園路66號
3990,雲林縣,北港鎮,,,公園路66號
3991,雲林縣,北港鎮,,,公園路66號
3634,桃園市,觀音區,,,
3635,新竹市,東區,,,工業東二路1號3樓
3636,臺北市,中山區,,,伊通街45.47號B1
3637,臺南市,安平區,,,安北路194號
3638,臺南市,安平區,,,台南市安平區安億路139號
3772,臺中市,大安區,,,興安路378號
3773,臺中市,大安區,,,興安路378號
3774,臺北市,大安區,,,
3775,臺北市,大安區,,,
3879,臺北市,中正區,,,中山南路21號
3880,南投縣,魚池鄉,,,中山路
3881,南投縣,魚池鄉,,,中山路
3882,苗栗縣,頭份市,,,中山路232號
3883,苗栗縣,三義鄉,,,
3884,苗栗縣,銅鑼鄉,,,銅科南路6號
3885,苗栗縣,苗栗市,,,自治路50號
4014,雲林縣,虎尾鎮,,,林森路一段501號
4015,雲林縣,虎尾鎮,,,林森路一段501號
4016,雲林縣,虎尾鎮,,,林森路一段501號
4017,雲林縣,虎尾鎮,,,
4018,雲林縣,虎尾鎮,,,林森路一段501號
4019,雲林縣,虎尾鎮,,,林森路一段491號
4020,雲林縣,斗南鎮,,,南昌路27號(斗南火車站六號倉庫)
4021,雲林縣,虎尾鎮,,,林森路一段528號
3639,臺南市,安平區,,,南塭16號
3640,臺南市,中西區,,,民族路二段212號
3641,臺南市,安平區,,,安北路194號
3642,臺南市,安平區,,,台南市安平區安億路139號
3643,臺南市,安平區,,,南塭16號
3644,臺南市,中西區,,,民族路二段212號
3645,臺北市,松山區,,,
3776,臺北市,大安區,,,
3777,臺北市,中山區,,,
3778,臺中市,東勢區,,,豐勢路518號
3779,臺中市,東勢區,,,豐勢路518號
3780,臺中市,后里區,,,
3781,臺中市,東勢區,,,豐勢路518號
3782,臺中市,大里區,,,新興路2號
3886,苗栗縣,苗栗市,,,
3887,苗栗縣,苑裡鎮,,,
3888,苗栗縣,後龍鎮,,,
3889,苗栗縣,苗栗市,,,自治路50號
3890,苗栗縣,銅鑼鄉,,,銅科南路6號
3509,文興路,一段1,,,23號
3510,新竹縣,竹北市,,,文興路一段123號
3511,新竹縣,竹北市,,,文興路一段123號
3512,新竹縣,竹北市,,,文興路一段123號
3513,新竹縣,竹北市,,,文興路一段123號
3646,臺北市,大安區,,,
3647,高雄市,岡山區,,,009鄰岡山南路42號
3648,臺北市,中山區,,,
3649,臺北市,中山區,,,
3650,臺南市,安南區,,,
3651,桃園市,中壢區,,,中大路300號
3783,臺北市,中山區,,,
3784,高雄市,左營區,,,博愛三路453號
3785,臺北市,中山區,,,
3891,苗栗縣,銅鑼鄉,,,銅科南路6號
3892,苗栗縣,苗栗市,,,自治路50號
3893,苗栗縣,苗栗市,,,自治路50號
3894,苗栗縣,苗栗市,,,自治路50號
3895,苗栗縣,竹南鎮,,,公園路206號
3514,新竹縣,竹北市,,,文興路一段123號
3515,新竹縣,竹北市,,,文興路一段123號
3516,新竹縣,竹北市,,,文興路一段123號
3517,新竹縣,竹北市,,, 文興路一段123號
3518,新竹縣,竹北市,,,文興路一段123號
3652,南投縣,南投市,,,光榮北路1號
3653,花蓮縣,花蓮市,,,文復路六號
3654,南投縣,南投市,,,光榮北路1號
3655,南投縣,南投市,,,光榮北路1號
3656,南投縣,南投市,,,光榮北路1號
3657,花蓮縣,花蓮市,,,永興路2號
3786,臺北市,中正區,,,仁愛路二段63號B1
3787,新竹市,東區,,,花園街64號
3788,南投縣,埔里鎮,,,桃米巷52-12號
3789,南投縣,草屯鎮,,,中正路573號
3896,苗栗縣,竹南鎮,,,公園路206號
3897,苗栗縣,竹南鎮,,,公園路206號
3898,,,,,
3899,,,,,
3900,南投縣,草屯鎮,,,中正路573號
3901,桃園市,桃園區,,,中正路1188號
3902,桃園市,桃園區,,,中正路1188號
3903,桃園市,桃園區,,,中正路1188號
3904,桃園市,桃園區,,,中正路1188號
3519,文興路,一段1,,,23號
3520,新竹縣,竹北市,,,文興路一段123號
3521,新竹縣,竹北市,,,文興路一段123號
3522,新竹縣,竹北市,,,文興路一段123號
3523,新竹縣,竹北市,,,文興路一段123號
3658,南投縣,南投市,,,光榮北路1號
3659,南投縣,南投市,,,光榮北路1號
3660,南投縣,南投市,,,光榮北路1號
3661,南投縣,南投市,,,光榮北路1號
3662,南投縣,南投市,,,光榮北路1號
3663,南投縣,南投市,,,光榮北路1號
3415,新北市,樹林區,,,中和街38號
3416,新北市,三重區,,,忠孝路三段40巷51號三民公園內
3417,新北市,三重區,,,忠孝路三段40巷51號三民公園內
3418,新北市,三重區,,,忠孝路三段40巷51號三民公園內
3419,新北市,三重區,,,忠孝路2段35號(靠近三重228公園)
3420,新北市,土城區,,,金城路一段101號
3421,新北市,三重區,,,忠孝路2段35號(靠近三重228公園)
3422,新北市,三重區,,,自強路一段158號
3423,臺中市,大里區,,,中興路一段163號
3424,新北市,三重區,,,自強路一段158號
3425,新北市,三重區,,,自強路一段158號
3029,臺中市,西區,,,五權西路一段2號
3030,臺中市,西區,,,五權西路一段2號
3031,臺中市,西區,,,五權西路一段2號
3032,臺中市,西區,,,五權西路一段2號
3033,臺中市,西區,,,五權西路一段2號
3161,臺中市,霧峰區,,,中正路738之2號
3162,臺中市,霧峰區,,,中正路738之2號
3163,臺中市,霧峰區,,,中正路738之2號
3295,高雄市,美濃區,,,
3296,臺南市,東區,,,中華東路三段332號
3297,臺南市,東區,,,中華東路三段332號
3298,新北市,新莊區,,,
3299,新北市,蘆洲區,,,集賢路221巷11號2樓~3樓
3300,新北市,蘆洲區,,,集賢路221巷11號2樓~3樓
3426,臺中市,大里區,,,中興路一段163號
3427,新北市,三重區,,,重安街709號3樓
3428,新北市,三重區,,,重安街709號3樓
3429,新北市,三重區,,,重安街709號3樓
3430,臺中市,烏日區,,,興祥街121號
3431,新北市,三重區,,,仁孝街62號崇德活動中心二樓
3432,臺中市,烏日區,,,興祥街121號
3433,臺中市,烏日區,,,興祥街121號
3434,新北市,三重區,,,仁孝街62號崇德活動中心二樓
3435,臺中市,烏日區,,,興祥街121號
3436,臺中市,大里區,,,中興路一段163號
3437,臺中市,烏日區,,,興祥街121號
3034,臺北市,大同區,,,
3035,臺中市,西區,,,五權西路一段2號
3036,臺中市,西區,,,五權西路一段2號
3164,臺中市,霧峰區,,,中正路738之2號
3165,臺南市,東區,,,中華東路三段332號
3166,臺南市,東區,,,中華東路三段332號
3167,高雄市,大樹區,,,
3168,臺南市,東區,,,中華東路三段332號
3169,臺南市,東區,,,中華東路三段332號
3301,新北市,蘆洲區,,,集賢路221巷11號2樓~3樓
3302,新北市,蘆洲區,,,集賢路221巷11號2樓~3樓
3303,新北市,永和區,,,國光路2號
3304,新北市,永和區,,,民權路60號7、8樓
3305,新北市,永和區,,,民權路60號7、8樓
3306,新北市,永和區,,,保安路132號2樓
3307,新北市,永和區,,,國光路2號
3308,新北市,永和區,,,民權路60號7、8樓
3438,新北市,土城區,,,和平路24號
3439,新北市,五股區,,,更洲路47號3樓
3440,新北市,五股區,,,西雲路267號2樓
3441,新北市,五股區,,,西雲路165號四、五、六樓
3442,新北市,五股區,,,西雲路165號四、五、六樓
3443,新北市,五股區,,,西雲路165號四、五、六樓
3444,高雄市,鳳山區,,,6鄰曹公路23號
3037,臺中市,西區,,,五權西路一段2號
3038,臺中市,西區,,,五權西路一段2號
3039,屏東縣,屏東市,,,中正路74號
3040,,,,,
3041,,,,,
3170,臺中市,西屯區,,,惠來路二段101號
3171,臺中市,西屯區,,,惠來路二段101號
3172,臺南市,東區,,,中華東路三段332號
3173,臺中市,西屯區,,,惠來路二段101號
3174,臺中市,西屯區,,,惠來路二段101號
3175,臺中市,西屯區,,,惠來路二段101號
3176,臺中市,西屯區,,,惠來路二段101號
3177,臺中市,西屯區,,,惠來路二段101號
3309,新北市,永和區,,,保安路132號2樓
3310,臺南市,中西區,,,南門路與樹林街交叉路口
3311,臺南市,中西區,,,南門路與樹林街交叉路口
3312,臺南市,中西區,,,南門路與樹林街交叉路口
3313,臺南市,中西區,,,南門路與樹林街交叉路口
3314,臺南市,中西區,,,南門路與樹林街交叉路口
3315,臺南市,中西區,,,南門路與樹林街交叉路口
3445,臺南市,中西區,,,府前路一段191號
3446,新北市,永和區,,,國光路2號
3447,新北市,永和區,,,民權路60號7、8樓
3448,新北市,永和區,,,民權路60號7、8樓
3449,高雄市,左營區,,,博愛三路453號
3450,高雄市,左營區,,,博愛三路453號
3451,臺北市,北投區,,,學園路1號
3042,,,,,
3043,,,,,
3044,,,,,
3045,,,,,
3046,,,,,
3047,,,,,
3048,,,,,
3049,,,,,
3050,,,,,
3051,,,,,
3052,,,,,
3053,,,,,
3054,,,,,
3055,,,,,
3056,,,,,
3057,,,,,
3058,,,,,
3059,,,,,
3060,,,,,
3061,,,,,
3062,,,,,
3063,,,,,
3064,,,,,
3065,花蓮市,文復路,,,6號
3178,臺中市,西屯區,,,惠來路二段101號
3179,臺中市,西屯區,,,惠來路二段101號
3180,臺南市,安平區,,,
3181,臺南市,鹽水區,,,
3182,臺南市,鹽水區,,,
3183,臺中市,南區,,,五權南路100號
3184,臺中市,南區,,,五權南路100號
3316,臺南市,中西區,,,南門路與樹林街交叉路口
3317,臺南市,中西區,,,南門路與樹林街交叉路口
3318,臺南市,中西區,,,南門路與樹林街交叉路口
3319,臺南市,中西區,,,南門路與樹林街交叉路口
3320,臺南市,中西區,,,南門路與樹林街交叉路口
3321,高雄市,湖內區,,,3鄰保生路101號
3322,臺中市,新社區,,,社街四段1巷1號
3323,新北市,板橋區,,,貴興路139號
3489,臺南市,新營區,,,中正路23號
3490,臺南市,新營區,,,中正路23號
3491,南投縣,草屯鎮,,,中正路573號
3492,雲林縣,臺西鄉,,,
3493,,,,,
3494,,,,,
3495,,,,,
3496,臺北市,信義路,,,三段147巷36弄22號
3497,高雄市,復興三,,,路5號
3066,宜蘭縣,頭城鎮,,,和平街105號
3067,臺北市,信義區,,,仁愛路4段505號
3068,臺北市,信義區,,,仁愛路4段505號
3069,臺北市,信義區,,,仁愛路4段505號
3070,臺北市,信義區,,,仁愛路4段505號
3071,臺北市,信義區,,,仁愛路4段505號
3072,臺北市,信義區,,,仁愛路4段505號
3073,臺北市,信義區,,,仁愛路4段505號
3074,臺北市,信義區,,,仁愛路4段505號
3185,連江縣,北竿鄉,,,
3186,臺南市,鹽水區,,,
3187,屏東縣,屏東市,,,青島街106號
3188,屏東縣,屏東市,,,豐榮街50巷7號
3189,臺北市,內湖區,,,內湖路一段594號
3190,新北市,中和區,,,中正路764號7樓
3191,臺北市,羅斯福,,,路四段一號
3324,臺中市,神岡區,,,中山路1460號
3325,臺中市,神岡區,,,中山路1460號
3326,臺中市,神岡區,,,中山路1460號
3327,臺中市,神岡區,,,中山路1460號
3328,臺中市,神岡區,,,中山路1460號
3329,臺北市,全區域,,,
3330,臺中市,神岡區,,,中山路1460號
3331,臺中市,神岡區,,,中山路1460號
3332,臺中市,大雅區,,,
3333,臺北市,中正區,,,八德路一段1號
3334,新北市,三重區,,,重新路一段108號3樓
3335,,,,,
3452,臺北市,北投區,,,學園路1號
3453,臺北市,中正區,,,青島東路7號4樓
3454,臺南市,安平區,,,國勝路82號
3455,臺南市,安平區,,,安北路194號
3456,臺南市,中西區,,,民族路二段212號
3075,臺北市,信義區,,,仁愛路4段505號
3076,臺北市,信義區,,,仁愛路4段505號
3077,臺北市,信義區,,,仁愛路4段505號
3078,臺北市,信義區,,,仁愛路4段505號
3079,臺北市,信義區,,,仁愛路4段505號
3080,臺北市,中山南,,,路21-1號
3081,臺中市,西屯區,,,惠來路二段101號
3082,臺北市,中山南,,,路21-1號
3192,臺北市,大安區,,,新生南路三段94號B1
3193,,,,,
3194,,,,,
3195,臺北市,中正區,,,中山南路21號
3336,新竹縣,竹北市,,,縣政九路146號
3337,新竹縣,竹北市,,,縣政九路146號
3338,新竹縣,竹北市,,,縣政九路146號
3339,新竹縣,竹北市,,,縣政九路146號
3340,新竹縣,竹北市,,,縣政九路146號
3341,,,,,
3342,南投縣,草屯鎮,,,中正路573號
3468,臺中市,南區,,,五權南路100號
3469,臺中市,南區,,,五權南路100號
3470,臺中市,南區,,,五權南路100號
3471,臺中市,南區,,,五權南路100號
3083,臺北市,中山南,,,路21-1號
3084,臺北市,牯嶺街,,,5巷2號
3085,新北市,淡水區,,,中正路298號3樓，淡水老街尾
3086,台北市,林森北,,,路107巷10號B1
3087,臺北市,中山南,,,路21-1號，信義路側
3088,臺北市,中山南,,,路21-1號，信義路側
3089,臺北市,中山南,,,路21-1號，信義路側
3090,宜蘭縣,大同鄉,,,英士村明池山莊1號
3091,高雄市,鳳山區,,,光遠路161號
3092,高雄市,大社區,,,7鄰自強街11號
3093,臺南市,楠西區,,,中正路309號
3094,臺南市,仁德區,,,
3095,臺南市,鹽水區,,,過港路21號
3096,高雄市,前金區,,,民生二路37號
3097,臺南市,北區,,,公園北路3號
3098,臺南市,北區,,,公園北路3號
3099,高雄市,路竹區,,,24鄰國昌路86巷9號
3196,,,,,
3197,臺東縣,臺東市,,,台東市大同路254號
3198,臺中市,西區,,,五權西路一段2號
3199,臺中市,西區,,,五權西路一段2號
3200,新竹縣,竹北市,,,縣政九路146號
3201,台北市,中山南,,,路21-1號
3202,嘉義市,忠孝路,,,275號
3203,高雄市,鳳山區,,,三多一路1號
3204,台北市,中正區,,,八德路一段1號
3205,彰化縣,員林市,,,員林大道二段99號
3206,高雄市,苓雅區,,,五福一路67號
3207,高雄市,左營區,,,2鄰啟文路12號
3208,臺南市,新營區,,,中正路23號
3343,中正區,襄陽路,,,2號(二二八公園內)
3344,臺南市,中西區,,,中華西路二段34號
3345,新北市,三峽區,,,中華路43巷10號
3346,台北市,中山北,,,路二段113號3樓
3347,台北市,南海路,,,47號
3348,台北市,中山南,,,路21-1號
3349,高雄市,鳳山區,,,三多一路1號
3350,高雄市,鳳山區,,,三多一路1號
3351,臺南市,新市區,,,民族路192號
3498,臺北市,中正區,,,羅斯福路三段244巷2號B1
3499,臺北市,中正區,,,羅斯福路三段244巷2號B1
3500,臺北市,中正區,,,羅斯福路三段244巷2號B1
3501,臺北市,中正區,,,中山南路21號
3502,臺東縣,臺東市,,,台東市大同路254號
3503,南投縣,草屯鎮,,,中正路573號
3100,臺南市,安南區,,,安吉路一段205、207號
3101,高雄市,林園區,,,林園北路236號
3102,高雄市,林園區,,,中芸里西溪路56~20號
3103,高雄市,前金區,,,民生二路37號
3104,臺南市,關廟區,,,文化街1號
3105,臺南市,關廟區,,,文化街1號
3106,臺南市,關廟區,,,文化街1號
3107,高雄市,美濃區,,,6鄰中正路一段59號
3108,高雄市,左營區,,,博愛三路453號
3109,臺南市,歸仁區,,,文化街2段16號
3110,新竹市,北區,,,西門街258號
3209,新竹市,香山區,,,
3210,臺南市,東區,,,
3211,臺南市,東區,,,裕信路237號
3212,臺南市,東區,,,裕信路237號
3213,臺南市,安平區,,,育平路320號
3214,臺南市,中西區,,,臺南市中西區忠義路二段 1 號
3215,高雄市,新興區,,,1鄰中正三路34號3樓
3216,臺南市,鹽水區,,,過港路21號
3217,臺南市,東區,,,裕信路237號
3218,臺南市,新營區,,,中正路23號
3352,臺北市,大同區,,,寧夏路89號
3353,臺北市,士林區,,,外雙溪至善路2段221號
3354,高雄市,前鎮區,,,8鄰新衙路17號
3355,高雄市,前鎮區,,,8鄰新衙路17號
3356,臺南市,中西區,,,中正路1號
3357,臺南市,中西區,,,中正路1號
3358,高雄市,林園區,,,林園北路236號
3457,高雄市,苓雅區,,,001鄰五福一路67號
3458,臺南市,安平區,,,台南市安平區安億路139號
3459,臺南市,安平區,,,南塭16號
3460,臺南市,安平區,,,國勝路82號
3461,臺南市,安平區,,,國勝路82號
3111,臺南市,中西區,,,中正路1-1號
3112,高雄市,永安區,,,005鄰永華路49號
3113,高雄市,鼓山區,,,4鄰鼓山三路19-3號
3114,臺南市,將軍區,,,180-50號
3115,臺南市,下營區,,,文化街117號
3116,臺南市,東區,,,中華東路三段332號
3117,高雄市,苓雅區,,,8鄰青年二路101號4-5樓
3118,高雄市,燕巢區,,,2鄰中民路592號
3119,高雄市,湖內區,,,3鄰保生路101號
3120,苗栗縣,卓蘭鎮,,,
3219,臺南市,麻豆區,,,總爺5號
3220,新竹市,北區,,,國華街68號2、3樓
3221,臺南市,新營區,,,中正路23號
3222,臺南市,關廟區,,,文化街1號
3223,桃園市,中壢區,,,復興路99號
3224,桃園市,桃園區,,,縣府路21號
3225,桃園市,桃園區,,,縣府路21號
3226,桃園市,龜山區,,,自強南路97號
3227,桃園市,桃園區,,,中正路77巷5號
3359,臺北市,北投區,,,學園路1號
3360,臺南市,東區,,,中華東路三段
3361,南投縣,南投市,,,中興新村光華路 123 號
3362,南投縣,南投市,,,中興新村光華路 123 號
3363,南投縣,草屯鎮,,,草鞋墩一街8號
3364,南投縣,草屯鎮,,,草鞋墩一街8號
3365,臺南市,中西區,,,中正路1號
3472,臺中市,南區,,,五權南路100號
3473,新北市,新店區,,,
3474,新北市,新莊區,,,
3475,臺南市,中西區,,,臺南市中西區忠義路二段 1 號
3476,,,,,
3477,,,,,
3478,,,,,
3479,,,,,
3480,,,,,
3481,臺北市,南海路,,,四十七號
3121,新北市,新莊區,,,西盛街216號
3122,臺南市,新營區,,,中正路23號
3123,臺南市,新營區,,,中正路23號
3124,臺南市,新營區,,,中正路23號
3125,臺南市,新營區,,,中正路23號
3126,臺南市,新營區,,,中正路23號
3127,臺南市,楠西區,,,
3128,新北市,板橋區,,,陽明街166號
3129,新北市,深坑區,,,深坑街10號1樓
3228,桃園市,桃園區,,,
3229,高雄市,鳳山區,,,7鄰自強一路119巷75號
3230,桃園市,桃園區,,,
3231,高雄市,美濃區,,,6鄰中正路一段59號
3232,臺南市,仁德區,,,仁義路130號
3233,臺南市,將軍區,,,
3366,南投縣,草屯鎮,,,草鞋墩一街8號
3367,臺南市,中西區,,,中正路1號
3368,臺南市,中西區,,,中正路1號
3369,高雄市,左營區,,,博愛三路453號
3370,臺南市,中西區,,,中正路1號
3371,高雄市,左營區,,,博愛三路453號
3372,臺北市,北投區,,,學園路1號
3373,臺南市,東區,,,中華東路三段332號
3504,,,,,
3505,花蓮縣,花蓮市,,,中華路144號
3506,臺北市,松山區,,,八德路三段12巷51弄17號1樓
3507,,,,,
3508,新竹縣,竹北市,,,文興路一段123號
3130,臺南市,中西區,,,南門路2號
3131,臺南市,安平區,,,國勝路82號
3132,臺南市,安平區,,,國勝路82號
3133,臺北市,北投區,,,
3134,南投縣,魚池鄉,,,中山路
3135,南投縣,魚池鄉,,,中山路
3136,南投縣,魚池鄉,,,中山路
3234,臺南市,新化區,,,和平街53號
3235,臺南市,楠西區,,,
3236,高雄市,永安區,,,005鄰永華路49號
3237,臺南市,新營區,,,中正路23號
3238,高雄市,永安區,,,005鄰永華路49號
3239,高雄市,三民區,,,陽明路300號3樓
3240,高雄市,內門區,,,4鄰中正路115巷18-1號
3374,臺北市,北投區,,,學園路1號
3375,臺北市,北投區,,,學園路1號
3376,臺北市,北投區,,,學園路1號
3377,臺北市,北投區,,,學園路1號
3378,臺北市,北投區,,,學園路1號
3379,臺北市,北投區,,,學園路1號
3380,臺北市,北投區,,,學園路1號
3381,臺北市,大同區,,,重慶北路3段318號
3462,臺南市,安平區,,,國勝路82號
3463,臺南市,安平區,,,安北路194號
3464,臺南市,安平區,,,台南市安平區安億路139號
3465,臺南市,安平區,,,南塭16號
3466,臺南市,中西區,,,民族路二段212號
3467,臺中市,南區,,,五權南路100號
3137,南投縣,魚池鄉,,,中山路
3138,南投縣,魚池鄉,,,中山路
3139,臺中市,西區,,,五權西路一段2號
3140,苗栗縣,苗栗市,,,自治路50號
3141,苗栗縣,苗栗市,,,自治路50號
3241,臺南市,中西區,,,臺南市中西區開山路1號
3242,臺南市,東區,,,中華東路三段332號
3243,高雄市,鼓山區,,,4鄰鼓山三路19-3號
3244,臺南市,楠西區,,,
3245,臺南市,東區,,,中華東路三段332號
3246,臺南市,東區,,,中華東路三段332號
3247,臺南市,東區,,,中華東路三段332號
3248,臺南市,東區,,,中華東路三段332號
3249,高雄市,湖內區,,,3鄰保生路101號
3250,高雄市,鳳山區,,,7鄰自強一路119巷75號
3251,高雄市,苓雅區,,,
3252,臺南市,新營區,,,中正路23號
3382,臺北市,大同區,,,重慶北路3段318號
3383,臺北市,大同區,,,重慶北路3段318號
3384,新北市,永和區,,,中山路一段236號7樓
3385,臺北市,大安區,,,仁愛路三段五巷三弄11號
3482,臺北市,南海路,,,四十七號
3483,臺北市,南海路,,,四十七號
3484,臺北市,中山區,,,南京東路二段1號3樓
3485,臺南市,新營區,,,中正路23號
3486,臺南市,新營區,,,中正路23號
3487,臺南市,新營區,,,中正路23號
3488,臺南市,新營區,,,中正路23號
3142,臺南市,中西區,,,友愛街8-3號
3143,臺南市,北區,,,公園北路3號
3144,苗栗縣,苗栗市,,,自治路50號
3145,臺南市,中西區,,,民權路2段30號
3253,臺南市,鹽水區,,,過港路21號
3254,臺南市,東區,,,中華東路三段332號
3255,臺南市,東區,,,中華東路三段332號
3256,臺中市,潭子區,,,中山路二段399號
3257,臺中市,潭子區,,,中山路二段399號
3258,臺中市,潭子區,,,中山路二段399號
3259,臺中市,潭子區,,,中山路二段399號
3260,臺南市,中西區,,,南門路2號
3261,臺南市,中西區,,,南門路2號
3262,臺南市,中西區,,,南門路2號
3263,臺南市,中西區,,,南門路2號
3264,臺南市,安平區,,,國勝路82號
3265,臺南市,安平區,,,國勝路82號
3266,臺南市,安平區,,,國勝路82號
3267,臺南市,安平區,,,國勝路82號
3268,臺中市,清水區,,,
3386,臺北市,大安區,,,仁愛路三段五巷三弄11號
3387,臺北市,大安區,,,仁愛路三段五巷三弄11號
3388,,,,,
3012,臺北市,中正區,,,八德路一段1號
3013,臺北市,中正區,,,八德路一段1號
3014,臺北市,中正區,,,八德路一段1號
3146,臺南市,中西區,,,民權路2段30號
3147,苗栗縣,苗栗市,,,自治路50號
3148,臺北市,大同區,,,
3149,苗栗縣,苗栗市,,,自治路50號
3150,苗栗縣,銅鑼鄉,,,銅科南路6號
3151,新北市,三芝區,,,淡金路1段37號
3269,臺中市,大甲區,,,
3270,臺中市,外埔區,,,甲后路三段1060號
3271,臺中市,外埔區,,,甲后路三段1060號
3272,臺中市,外埔區,,,甲后路三段1060號
3273,臺中市,豐原區,,,圓環東路782號
3274,臺中市,豐原區,,,圓環東路782號
3275,臺中市,豐原區,,,圓環東路782號
3276,臺中市,豐原區,,,圓環東路782號
3277,新北市,三芝區,,,淡金路1段37號
3389,臺北市,中正區,,,中山南路21號
3390,臺北市,中正區,,,中正區襄陽路2號(二二八公園內)
3391,新北市,樹林區,,,樹新路40-8號
3392,高雄市,苓雅區,,,001鄰五福一路67號
3015,臺北市,大安區,,,和平東路一段162號
3016,臺北市,大安區,,,仁愛路三段55號
3017,南投縣,草屯鎮,,,中正路573號
3018,南投縣,草屯鎮,,,中正路573號
3019,南投縣,草屯鎮,,,中正路573號
3020,南投縣,草屯鎮,,,中正路573號
3021,南投縣,草屯鎮,,,中正路573號
3152,新北市,三重區,,,溪尾街303號
3153,新北市,三重區,,,溪尾街303號
3154,新北市,三重區,,,五華街7巷30號公遊(二)公園內
3155,臺中市,霧峰區,,,中正路738之2號
3156,臺中市,西屯區,,,惠來路二段101號
3157,臺南市,東區,,,中華東路三段332號
3278,新北市,三重區,,,溪尾街303號
3279,臺中市,西區,,,英才路600號
3280,臺中市,西區,,,英才路600號
3281,臺中市,清水區,,,
3282,臺中市,西區,,,英才路600號
3283,臺中市,西區,,,英才路600號
3284,臺中市,西區,,,英才路600號
3285,臺中市,西區,,,英才路600號
3393,雲林縣,虎尾鎮,,,林森路一段498號
3394,新竹市,東區,,,光復路二段101號
3395,高雄市,永安區,,,005鄰永華路49號
3396,高雄市,前鎮區,,,保泰路303號4樓
3397,桃園市,八德區,,,
3398,高雄市,內門區,,,木柵3-1號
3399,新竹市,東區,,,大學路1001號
3400,高雄市,鹽埕區,,,019鄰中正四路272號
3401,高雄市,前鎮區,,,8鄰新衙路17號
3402,高雄市,永安區,,,005鄰永華路49號
3403,高雄市,三民區,,,陽明路300號3樓
3404,高雄市,左營區,,,2鄰啟文路12號
3022,南投縣,草屯鎮,,,中正路573號
3023,南投縣,草屯鎮,,,中正路573號
3024,南投縣,草屯鎮,,,中正路573號
3025,臺南市,中西區,,,民權路二段30號
3026,臺南市,中西區,,,南門路2號
3027,臺南市,中西區,,,南門路2號
3028,臺南市,安平區,,,國勝路82號
3158,臺中市,北區,,,學士路98號
3159,臺中市,霧峰區,,,中正路738之2號
3160,臺中市,霧峰區,,,中正路738之2號
3286,新北市,蘆洲區,,,集賢路245號
3287,臺中市,西區,,,英才路600號
3288,臺中市,西區,,,英才路600號
3289,新北市,蘆洲區,,,集賢路245號
3290,臺中市,西區,,,英才路600號
3291,臺中市,西區,,,英才路600號
3292,高雄市,大樹區,,,
3293,高雄市,旗山區,,,大德里6鄰中學路42號
3294,臺南市,東區,,,中華東路三段332號
3405,新北市,板橋區,,,貴興路139號
3406,臺中市,大里區,,,大新街36-1號
3407,臺中市,大里區,,,大新街36-1號
3408,臺中市,大里區,,,大新街36-1號
3409,臺中市,大里區,,,大新街36-1號
3410,新北市,鶯歌區,,,中山路150號B1至1樓及3至5樓
3411,新北市,鶯歌區,,,中山路150號B1至1樓及3至5樓
3412,新北市,鶯歌區,,,中山路150號B1至1樓及3至5樓
3413,新北市,鶯歌區,,,中山路150號B1至1樓及3至5樓
3414,新北市,鶯歌區,,,二甲路36-2號
4062,桃園市,龍潭區,,,
4063,桃園市,中壢區,,,
4064,桃園市,平鎮區,,,環南路三段88號
4065,桃園市,龍潭區,,,
4188,桃園市,龍潭區,,,中興路680號
4189,桃園市,楊梅區,,,
4190,桃園市,楊梅區,,,
4191,桃園市,楊梅區,,,
4192,新北市,石碇區,,,
4193,新竹市,東區,,,
4194,高雄市,前鎮區,,,
4195,新北市,三重區,,,
4196,臺北市,中正區,,,延平南路98號
4322,高雄市,林園區,,,林園北路236號
4323,高雄市,林園區,,,林園北路236號
4324,高雄市,林園區,,,林園北路236號
4325,高雄市,林園區,,,林園北路236號
4326,臺北市,大安區,,,仁愛路三段55號
4327,臺北市,大安區,,,仁愛路三段55號
4066,桃園市,龜山區,,,自強南路97號
4067,桃園市,大園區,,,
4068,桃園市,楊梅區,,,新農街85號
4069,桃園市,平鎮區,,,
4070,桃園市,大溪區,,,登龍路22號
4071,桃園市,桃園區,,,縣府路21號
4197,新北市,土城區,,,和平路24號
4198,新北市,永和區,,,中山路一段236號7樓
4199,高雄市,三民區,,,002鄰大順二路468號
4200,臺北市,中正區,,,延平南路98號
4201,臺北市,中正區,,,延平南路98號
4202,新北市,貢寮區,,,仁愛路79號三樓
4203,新北市,石門區,,,中山路66號
4328,臺北市,大安區,,,仁愛路三段55號
4329,高雄市,前鎮區,,,8鄰新衙路17號
4330,臺北市,大安區,,,仁愛路三段55號
4072,桃園市,新屋區,,,中興路91巷11號
4073,桃園市,龍潭區,,,中興路680號
4074,桃園市,八德區,,,重慶街53巷2號
4075,桃園市,八德區,,,重慶街53巷2號
4076,桃園市,中壢區,,,台貿一街100號
4077,桃園市,平鎮區,,,環南路三段88號
4078,桃園市,楊梅區,,,中興路145號
4079,桃園市,觀音區,,,文化路2號4樓 (觀音文教大樓4樓)
4080,桃園市,平鎮區,,,環南路三段88號
4081,桃園市,桃園區,,,同安街601號
4204,臺北市,中山區,,,
4205,臺北市,中山區,,,
4206,臺北市,士林區,,,
4207,新北市,鶯歌區,,,文化路200號
4208,臺南市,南區,,,新和東路51號
4209,臺南市,中西區,,,
4210,桃園市,桃園區,,,縣府路1號
4211,臺南市,歸仁區,,,大德路127號
4212,臺南市,歸仁區,,,大德路127號
4213,臺南市,歸仁區,,,大德路127號
4214,高雄市,三民區,,,002鄰大順二路468號
4331,臺北市,大安區,,,仁愛路三段55號
4332,高雄市,林園區,,,中芸里西溪路56~20號
4333,新北市,土城區,,,金城路一段101號
4082,桃園市,蘆竹區,,,五福一路255號4樓
4083,桃園市,龜山區,,,自強南路97號
4084,桃園市,大園區,,,中正西路12之1號4-6樓
4085,桃園市,楊梅區,,,中興路145號
4086,桃園市,中壢區,,,中美路76號
4087,桃園市,蘆竹區,,,五福一路255號4樓
4088,桃園市,桃園區,,,宏昌七街166號
4089,桃園市,大溪區,,,康莊路641號 (大溪高中勤學樓1樓)
4090,新北市,三重區,,,重安街709號3樓
4215,高雄市,鹽埕區,,,1鄰大仁路179號5樓、6樓
4216,臺南市,南化區,,,227之1號
4217,臺中市,神岡區,,,
4218,臺北市,信義區,,,仁愛路四段505號
4219,臺南市,東區,,,林森路二段46號
4220,臺南市,東區,,,林森路二段46號
4221,新北市,三重區,,,溪尾街303號
4222,新北市,蘆洲區,,,集賢路245號
4223,臺南市,新營區,,,45之8號
4224,高雄市,楠梓區,,,楠梓路262號
4334,高雄市,鹽埕區,,,4鄰河西路10號
4335,高雄市,鹽埕區,,,4鄰河西路10號
4091,新北市,三重區,,,重安街709號3樓
4092,新北市,貢寮區,,,仁愛路79號三樓
4093,新北市,三峽區,,,中山路18號
4094,臺北市,大安區,,,
4095,高雄市,三民區,,,002鄰大順二路468號
4096,臺中市,西區,,,精誠路256號
4097,臺中市,西區,,,精誠路256號
4098,臺中市,西區,,,精誠路256號
4099,臺中市,清水區,,,
4100,臺中市,清水區,,,鎮政路50號
4101,臺中市,清水區,,,鎮政路50號
4225,高雄市,楠梓區,,,楠梓路262號
4226,臺南市,善化區,,,中山路377號3樓
4227,臺南市,善化區,,,中山路377號3樓
4228,臺南市,官田區,,,中山路1段129號
4229,臺中市,東區,,,建德街144號
4230,臺中市,東區,,,建德街144號
4231,臺中市,東區,,,建德街144號
4232,臺中市,東區,,,建德街144號
4336,高雄市,鹽埕區,,,4鄰河西路10號
4337,桃園市,桃園區,,,
4338,桃園市,中壢區,,,中美路16號
4339,桃園市,中壢區,,,中美路16號
4340,桃園市,中壢區,,,中美路16號
4102,臺中市,清水區,,,鎮政路50號
4103,臺中市,清水區,,,鎮政路50號
4104,新北市,三峽區,,,永安街9巷5號2樓
4105,臺中市,清水區,,,鎮政路50號
4106,新北市,土城區,,,中州路28巷30號4樓
4107,新北市,三峽區,,,學成路396號3-4樓
4108,臺中市,清水區,,,鎮政路50號
4109,臺中市,清水區,,,鎮政路50號
4233,臺中市,東區,,,建德街144號
4234,臺中市,東區,,,建德街144號
4235,臺南市,安平區,,,
4236,高雄市,大樹區,,,17鄰中興西路50號
4237,臺南市,將軍區,,,180-50號
4238,臺中市,梧棲區,,,民生街15之77號
4239,臺中市,梧棲區,,,民生街15之77號
4240,臺南市,新營區,,,45之8號
4341,桃園市,中壢區,,,中美路16號
4342,桃園市,中壢區,,,中美路16號
4343,桃園市,中壢區,,,中美路16號
4344,桃園市,桃園區,,,中正路1188號
4345,桃園市,桃園區,,,中正路1188號
4346,臺南市,南區,,,新和東路51號
4347,臺南市,南區,,,興中街7巷18弄5號
4348,臺南市,南區,,,興中街7巷18弄5號
4349,臺南市,歸仁區,,,大德路127號
4350,臺南市,下營區,,,
4351,臺南市,左鎮區,,,171-19號
4110,新北市,三峽區,,,學成路396號3-4樓
4111,新北市,三峽區,,,永安街9巷5號2樓
4112,新北市,樹林區,,,佳園路三段128號二樓
4113,臺中市,清水區,,,鎮政路50號
4114,新北市,土城區,,,中央路4段283-1號4樓
4115,新北市,土城區,,,中州路28巷30號4樓
4241,高雄市,前鎮區,,,21鄰新光路61號
4242,臺中市,大甲區,,,
4243,臺南市,安定區,,,262之8號
4244,臺南市,安南區,,,安中路二段 301號3樓
4245,臺南市,安南區,,,城安路85號
4246,臺南市,白河區,,,大德街1號
4247,高雄市,鹽埕區,,,8鄰大勇路1號
4352,新竹縣,竹東鎮,,,忠孝街95號(美之城)
4353,新竹市,東區,,,
4354,臺南市,官田區,,,中山路1段129號
4355,臺南市,七股區,,,377號
4356,臺南市,七股區,,,377號
4357,臺南市,安平區,,,
4358,臺南市,南區,,,新和東路51號
4359,臺南市,安定區,,,262之8號
4360,臺南市,南區,,,新和東路51號
4116,臺中市,清水區,,,鎮政路50號
4117,臺中市,清水區,,,鎮政路50號
4118,新北市,三峽區,,,永安街9巷5號2樓
4119,臺中市,清水區,,,鎮政路50號
4120,高雄市,楠梓區,,,楠梓路262號
4121,高雄市,楠梓區,,,楠梓路262號
4122,臺中市,中區,,,成功路300號7樓
4123,臺中市,北區,,,健行路359號
4124,臺中市,大肚區,,,華山路700號
4125,新北市,八里區,,,舊城路19號5、6樓
4248,高雄市,鹽埕區,,,8鄰大勇路1號
4249,新北市,樹林區,,,樹新路40-7號3-4樓
4250,新北市,樹林區,,,樹新路40-7號3-4樓
4251,新北市,樹林區,,,大安路118之1號
4252,新北市,樹林區,,,福興街17號2樓
4253,新北市,樹林區,,,國凱街65號三樓
4254,新北市,樹林區,,,中山路二段80號3樓
4361,新北市,汐止區,,,
4362,臺南市,白河區,,,大德街1號
4363,桃園市,楊梅區,,,
4364,桃園市,楊梅區,,,
4365,新北市,板橋區,,,貴興路139號
4366,新北市,板橋區,,,貴興路139號
4367,新北市,中和區,,,中和路390號2樓
4368,臺南市,南區,,,喜樹路179號
4369,新北市,深坑區,,,深坑街10號1樓
4126,新北市,八里區,,,舊城路19號5、6樓
4127,臺中市,大肚區,,,大德六街 30 號
4128,臺中市,大肚區,,,大德六街 30 號
4129,臺中市,大肚區,,,大德六街 30 號
4130,臺北市,南港區,,,市民大道七段7號
4131,臺北市,南港區,,,市民大道七段7號
4132,臺北市,大同區,,,
4133,臺北市,中山區,,,
4134,臺北市,中山區,,,
4135,臺中市,西區,,,精誠路256號
4255,新北市,板橋區,,,篤行路二段133號
4256,新北市,中和區,,,中和路390號2樓
4257,臺南市,南區,,,喜樹路179號
4258,臺南市,南區,,,喜樹路179號
4259,臺南市,南區,,,喜樹路179號
4260,臺南市,南區,,,喜樹路179號
4261,新竹市,北區,,,
4262,花蓮縣,花蓮市,,,
4370,新北市,深坑區,,,深坑街10號1樓
4371,新北市,鶯歌區,,,文化路200號
4372,新北市,淡水區,,,文化路65號
4373,臺南市,南區,,,西門路一段689巷巷內
4374,新北市,淡水區,,,中山北路一段158號（水碓活動中心）四樓、六樓、七樓
4375,新北市,淡水區,,,中正東路2段68號
4376,臺南市,永康區,,,永大二路88號
4377,臺南市,永康區,,,永大二路88號
4136,新北市,三重區,,,自強路一段158號
4137,澎湖縣,馬公市,,,中正路74之1號
4138,澎湖縣,馬公市,,,
4139,高雄市,鹽埕區,,,8鄰大勇路1號
4140,高雄市,左營區,,,029鄰博愛二路757號
4141,臺北市,全區域,,,
4142,臺北市,信義區,,,松勤路50號
4143,臺北市,信義區,,,松勤路50號
4144,臺北市,全區域,,,
4263,澎湖縣,馬公市,,,
4264,澎湖縣,馬公市,,,
4265,新竹市,全區域,,,
4266,澎湖縣,馬公市,,,治平路30號
4267,澎湖縣,馬公市,,,復國路12巷3號
4268,南投縣,南投市,,,
4269,南投縣,草屯鎮,,,
4378,高雄市,鹽埕區,,,4鄰河西路10號
4379,高雄市,鹽埕區,,,4鄰河西路10號
4380,高雄市,鹽埕區,,,4鄰河西路10號
4145,臺北市,信義區,,,松勤路50號
4146,臺北市,士林區,,,
4147,臺北市,萬華區,,,
4148,臺北市,北投區,,,
4149,臺北市,士林區,,,
4150,臺北市,106,,,台北市大安區新生南路三段94號
4270,花蓮縣,秀林鄉,,,291號
4271,花蓮縣,富里鄉,,,
4272,澎湖縣,馬公市,,,新復路1巷5號
4273,澎湖縣,馬公市,,,新復路1巷5號
4274,新北市,淡水區,,,文化路65號
4275,新北市,淡水區,,,民生路27號4樓、5樓、6樓
4276,花蓮縣,吉安鄉,,,中正路2段58號
4277,臺南市,麻豆區,,,興國路11號3&4F
4278,南投縣,信義鄉,,,開信巷17號
4279,高雄市,彌陀區,,,2鄰中正路281巷50號
4381,高雄市,鹽埕區,,,4鄰河西路10號
4382,高雄市,鹽埕區,,,4鄰河西路10號
4383,高雄市,鹽埕區,,,4鄰河西路10號
4384,新北市,板橋區,,,莊敬路62號
4385,臺南市,東山區,,,225之4號2F
4386,南投縣,南投市,,,光榮北路1號
4151,桃園市,桃園市,,,中壢區榮民路165巷6號
4152,新北市,永和區,,,中山路一段236號
4153,高雄市,鼓山區,,,捷興二街18號
4154,,,,,
4280,南投縣,信義鄉,,,開信巷17號
4281,高雄市,彌陀區,,,2鄰中正路281巷50號
4282,桃園市,中壢區,,,中北路200號
4283,南投縣,草屯鎮,,,
4284,屏東縣,屏東市,,,民生路4之17號
4285,彰化縣,彰化市,,,城中街20號
4286,嘉義市,中山路,,,616號K棟2樓 嘉義文創園區內
4287,臺南市,西門路,,,120號B1
4288,臺北市,大安區,,,和平東路二段134號
4289,臺北市,長安東,,,路一段8之1號4F
4290,臺北市,長安東,,,路一段8之1號4F
4291,臺中市,西區,,,博館路234號
4387,南投縣,南投市,,,建國路135號
4388,南投縣,南投市,,,光榮北路1號
4389,彰化縣,彰化市,,,卦山路3號
4390,彰化縣,彰化市,,,孔門路30號
4391,彰化縣,彰化市,,,中山路2段500號
4392,高雄市,鼓山區,,,
4393,臺南市,東山區,,,225之4號2F
4394,南投縣,南投市,,,光榮北路1號
4155,高雄市,苓雅區,,,三多四路21號17樓
4156,新竹縣,竹北市,,,縣政九路146號
4292,新北市,蘆洲區,,,三民路178號
4293,,,,,
4294,臺北市,中正區,,,中山南路21號
4295,臺中市,清水區,,,忠貞路21號
4395,南投縣,南投市,,,光榮北路1號
4396,南投縣,南投市,,,光榮北路1號
4397,南投縣,南投市,,,光榮北路1號
4398,南投縣,南投市,,,光榮北路1號
4399,桃園市,中壢區,,,中美路16號
4400,臺北市,大同區,,,迪化街一段32巷1號3F
4035,雲林縣,虎尾鎮,,,林森路一段498號
4036,雲林縣,虎尾鎮,,,林森路一段498號
4037,雲林縣,虎尾鎮,,,林森路一段498號
4038,雲林縣,虎尾鎮,,,林森路一段498號
4039,雲林縣,斗六市,,,大學路三段123號
4040,雲林縣,斗六市,,,大學路三段123號
4041,,,,,
4042,臺北市,南港區,,,忠孝東路七段369號2F(TSUTAYA BOOKSTORE 南港店)
4043,臺北市,萬華區,,,成都路10號
4044,,,,,
4045,,,,,
4046,臺北市,中正區,,,中山南路21號
4157,中正區,襄陽路,,,25號(臺博館斜對面)
4158,臺南市,中西區,,,中華西路二段34號
4159,臺北市,大安區,,,青田街8巷3號
4160,臺北市,中山南,,,路21-1號
4161,台北市,北投區,,,學園路1號
4162,臺北市,臨溪路,,,70號第二教研大樓二樓
4163,台北市,信義區,,,菸廠路88號B1
4164,臺中市,太平區,,,大興路201號
4165,台北市,中正區,,,八德路一段1號
4166,台北市,信義區,,,信義路五段一號
4167,臺中市,臺灣大,,,道四段1727號第二教學區音樂系館
4168,台北市,中正區,,,中山南路21-1號
4296,南投縣,草屯鎮,,,中正路573號
4297,臺北市,信義區,,,市民大道五段50號
4298,台南市,安南區,,,安吉路一段207號
4299,台北市,信義區,,,菸廠路88號B1
4300,桃園市,中壢區,,,中美路16號
4301,高雄市,鳳山區,,,光遠路161號
4302,北市中,山南路,,,21-1號地下樓
4303,高雄市,鹽埕區,,,河西路99號
4304,高雄市,苓雅區,,,五福一路67號
4305,桃園市,中壢區,,,中美路16號
4306,桃園市,大園區,,,
4307,桃園市,新屋區,,,中正路110巷9號
4401,臺北市,大同區,,,
4402,,,,,
4403,,,,,
4047,苗栗縣,竹南鎮,,,竹南鎮公園路206號
4048,ssr,oom,,, (Peinan Site Park)
4049,臺北市,中正區,,,濟南路二段27號
4169,新竹縣,竹北市,,,嘉豐南路一段122號
4170,台北市,中正區,,,中山南路21-1號
4171,臺中市,西屯區,,,惠來路二段101號
4172,高雄市,苓雅區,,,五福一路67號
4173,高雄市,苓雅區,,,001鄰五福一路67號
4174,高雄市,苓雅區,,,001鄰五福一路67號
4175,高雄市,苓雅區,,,001鄰五福一路67號
4176,高雄市,苓雅區,,,001鄰五福一路67號
4177,高雄市,三民區,,,陽明路300號3樓
4178,高雄市,苓雅區,,,001鄰五福一路67號
4179,高雄市,苓雅區,,,001鄰五福一路67號
4180,高雄市,鹽埕區,,,019鄰中正四路272號
4308,桃園市,龜山區,,,中山街26號
4309,桃園市,觀音區,,,
4310,桃園市,龍潭區,,,
4311,桃園市,龍潭區,,,中正路269號
4312,桃園市,龍潭區,,,
4313,桃園市,龍潭區,,,
4314,桃園市,龍潭區,,,東龍路246號
4315,桃園市,桃園區,,,中正路1188號
4050,臺北市,信義區,,,仁愛路4段505號
4051,臺中市,西屯區,,,惠來路二段101號
4052,臺北市,臨溪路,,,70號第二教研大樓二樓
4053,新北市,蘆洲區,,,中山二路162號2樓
4054,臺北市,景文街,,,32號，捷運景美站1號出口
4055,臺北市,士林區,,,文林路751號
4056,高雄市,鳳山區,,,三多一路1號
4057,臺北市,中山南,,,路21-1號，信義路側
4058,高雄市,鳳山區,,,三多一路1號
4059,桃園市,新屋區,,,
4060,桃園市,中壢區,,,博愛路52號
4061,桃園市,中壢區,,,
4181,高雄市,苓雅區,,,001鄰五福一路67號
4182,高雄市,苓雅區,,,001鄰五福一路67號
4183,高雄市,仁武區,,,5鄰中正路80號
4184,桃園市,龍潭區,,,中興路680號
4185,桃園市,龍潭區,,,中興路680號
4186,桃園市,龍潭區,,,中興路680號
4187,桃園市,龍潭區,,,中興路680號
4316,桃園市,桃園區,,,中正路1188號
4317,桃園市,桃園區,,,中正路1188號
4318,桃園市,桃園區,,,中正路1188號
4319,高雄市,林園區,,,林園北路236號
4320,高雄市,林園區,,,林園北路236號
4321,高雄市,林園區,,,林園北路236號
